{
    "Changes": [
        {
            "Action": "EditData",
            "Target": "Data/RandomBundles",
            "TargetField": [
                "Pantry",
                "BundleSets",
                "#0",
                "Bundles",
                "#0"
            ],
            "Entries": {
                "Items": "1 Parsnip, 1 Green Bean, 1 Cauliflower, 1 {{spacechase0.jsonAssets/ObjectId:Sweet Potato}}"
            },
            "When": {
                "HasMod": "spacechase0.jsonAssets"
             },
             "Update":"OnLocationChange"
        },
        {
            "Action": "EditData",
            "Target": "Data/Bundles",
            "Entries": {
                "Pantry/0": "Spring Crops/O 465 20/24 1 0 188 1 0 190 1 0 {{spacechase0.jsonAssets/ObjectId:Sweet Potato}} 1 0/0"
            },
            "When": {
                "HasMod": "spacechase0.jsonAssets"
             },
             "Update":"OnLocationChange"
        },
        {
            "Action": "EditData",
            "Target": "Data/Furniture",
            "Entries": {
                "1298": "Sweet Potat Badge/decor/1 2/1 1/1/500",
                "1300": "Twin Potat Badge/decor/1 2/1 1/1/500",
                "1304": "Silver Potat Badge/decor/1 2/1 1/1/500",
                "1305": "Gold Potat Badge/decor/1 2/1 1/1/500",
                "1299": "Ruby Potat Badge/decor/1 2/1 1/1/500/500",
                "1301": "Diamond Potat Badge/decor/1 2/1 1/1/500",
                "1302": "World Potat Badge/decor/1 2/1 1/1/500",
                "1303": "Rainbow Potat Badge/decor/1 2/1 1/1/500",
                "1545": "Rare Fire Dragon Card/painting/-1/-1/1/1000"
            }
        },
        {
            "Action": "EditData",
            "Target": "Data/BigCraftablesInformation",
            "Entries": {
                "88": "Sweet Potat Badge/0/-300/Crafting -9/A badge to show off the membership to a very special club/true/false/0/Sweet Potat Badge",
                "94": "Twin Potat Badge/0/-300/Crafting -9/A badge to show off the membership to a very special club/true/false/0/Twin Potat Badge",
                "28": "Silver Potat Badge/50/-300/Crafting -9/A badge to show off the membership to a very special club/true/true/0/Silver Potat Badge",
                "31": "Gold Potat Badge/50/-300/Crafting -9/A badge to show off the membership to a very special club/true/true/0/Gold Potat Badge",
                "89": "Ruby Potat Badge/0/-300/Crafting -9/A badge to show off the membership to a very special club/true/false/0/Ruby Potat Badge",
                "85": "Diamond Potat Badge/0/-300/Crafting -9/A badge to show off the membership to a very special club/true/false/0/Diamond Potat Badge",
                "86": "World Potat Badge/0/-300/Crafting -9/A badge to show off the membership to a very special club/true/false/0/World Potat Badge",
                "87": "Rainbow Potat Badge/0/-300/Crafting -9/A badge to show off the membership to a very special club/true/false/0/Rainbow Potat Badge",
                "36": "Wiggles Potat Badge/50/-300/Crafting -9/A badge to show off the membership to a very special club/true/true/0/Wiggles Potat Badge"
            }
        },
        {
            "Action": "EditData",
            "Target": "Data/ObjectInformation",
            "Entries": {
                "224": "Hot fresh spaghett/120/30/Cooking -7/Hot fresh spaghett/An old favorite./food/0 0 0 0 0 0 0 0 0 0 0/0"
            }
        },
        {
            "Action": "EditData",
            "Target": "Strings/StringsFromMaps",
            "Entries": {
                "dogshop.1": "Ramen Shop - Hours 9:00 AM - 6:00 PM",
                //spaceship strings
                "spaceship.1": "Some mysterious fluid.",
                "spaceship.2": "Beep boop!",
                "spaceship.3": "A collection of exquisite things.",
                "spaceship.4": "Don't forget to water your plant friends.",
                "spaceship.5": "Flashing buttons and levers. It looks complicated. Somehow it works despite being on fire. ",
                "spaceship.6": "What is this?",
                "spaceship.7": "The fire extinguisher is empty.",
                "BuoyHouse.1": "It's a big anchor. It looks very heavy.",
                "BuoyHouse.2": "The Buoy's work desk. It's covered in seagull feathers.",
                "BuoyHouse.3": "There's message scratched into the wood: Never get lost again.",
                "BuoyHouse.4": "It's a very tall palm. It's imported from Calico Desert.",
                "BuoyHouse.5": "A globe with pins in it. They all stick in parts of the ocean.",
                //Pizzeria strings
                "Pizzeria.1": "Oh no, you look fabulous!",
                "Pizzeria.2": "A 'Sabrina the Teenage Witch' marathon is on.",
                "Pizzeria.3": "It's an Italian recipe book, it's opened on a secret veggie chili recipe.",
                "Pizzeria.4": "It's a claw machine full of stuffed toys who look like Sad Ghost.",
                //Festival strings
                "Town-Potat.1": "The first batch of a giant sweet potato pie. It smells delicious.",
                "Town-Potat.2": "A giant sweet potato! No one knows where it came crashing from, but it sure looks scrumptious.",
                "Town-Potat.3": "A fragrant vase of summer flowers.",
                "Town-Potat.4": "The baked sweet potatoes look delicious.",
                "Town-Potat.5": "The table is filled with sweet potato dishes.",
                "Town-Potat.6": "We came down to Pelican Town as soon as we heard about the giant sweet potato.",
                "Town-Potat.7": "I'm a big fan of sweet potatoes, I had to come see this giant one with my own two eyes.",
                "Town-Potat.8": "The sweet potato roast, it is Nintendad's specialty.",
                "Town-Potat.9": "Oh my, the sweet potato dishes here are truly excellent.",
                "Town-Potat.10": "Pelican Town is known for its sweet potato specialties, but I think they've really outdone themselves this year",
                "Town-Potat.11": "I brought my brother to the Sweet Potato Festival. He was so excited about it, he could barely sleep last night!",
                "Town-Potat.12": "This is the best day ever!!! The giant sweet potato is my favorite!",
                "Town-Potat.13": "Who would put this rude sign here…?",
                "Town-Potat.14": "The market stalls are filled with a variety of sweet potato products sold by the townsfolk.",
                "Town-Potat.15": "A golden statue honouring the giant sweet potato.",
                "Town-Potat.16": "We were going to bomble at the festival but King Bozo forbid it... He wasn't listening to me when I told him it was nothing like gambling.. ",
                "Town-Potat.17": "The arrow seems stuck..",
                //pj shop strings
                "PJRoom.1": "Welcome to Welwick's Oracle... I sense that one lucky gamer will be showered with good fortune. ",
                "PJRoom.2": "An interesting placement of the bed.",
                "PJRoom.3": "The fridge is filled with salads and spicy eels.",
                "PJRoom.4": "The book is filled with weird challenges.",
                "PJRoom.5": "Leftovers of a salad.",
                "PJRoom.6": "The barrel is overflowing with prismatic shards.",
                "PJRoom.7": "The shoes are well worn.",
                "PJRoom.8": "The sack is filled with prismatic shards.",
                "PJRoom.9": "The wooden box seems handmade. It's filled to the brim with prismatic shards.",
                "PJRoom.10": "The hammer is engraved. It says: Badonk!",
                "PJShop.1": "Fuji looks very comfortable on her bed.",
                "PJShop.2": "It's a poster made by PJ.",
                "PJShop.3": "The shelves are stacked with art supplies.",
                "PJShop.4": "These pots are very well made.",
                "PJShop.5": "PJ's own clothing line.",
                "PJShop.6": "It's a Buoy plushie.",
                "PJShop.7": "A steaming cup of green tea.",
                "PJShop.8": "Hey, this plant's fake!",
                "PJShop.9": "PJ's streaming setup. PJ must be pretty serious about streaming.",
                "PJShop.10": "101 Jonks for Jonkers.",
                "PJShop.11": "It's a poster of a robot in a spotlight.",
                "PJShop.12": "It's filled with trash.. very unexpected.",
                "PJShop.13": "There's 5 cookies on a plate.",
                "PJShop.14": "Smells like pizza.",
                "PJShop.15": "There's a note on the fridge: DO NOT LOOK INSIDE MY FRIDGE - PJ",
                "PJShop.16": "The cabinet is filled with different cloths for crafting.",
                //oscar hotel strings
                "OscarHotel": "Oscar's hotel for fantastical creatures",
                "OscarHotel.1": "Ding! DING!",
                "OscarHotel.2": "Looks like the guest's mail and room keys are stored here.",
                "OscarHotel.3": "Only hotel guests are allowed upstairs.",
                "OscarHotel.4": "A TV but no connection.",
                "OscarHotel.5": "It looks like white is winning.",
                "OscarHotel.6": "Twilight... interesting.",
                "OscarHotel.7": "Hotelkeeping 101",
                "OscarHotel.8": "So many secrets in this drawer.",
                "OscarHotel.9": "Locked with three different locks.",
                "OscarHotel.10": "Leftovers from the breakfast.",
                "OscarHotel.11": "There are blue feathers on some of the eggs.",
                "OscarHotel.12": "Octochef is hard at work, preparing food for everyone.",
                "OscarHotel.13": "Octochef stares at you blankly..",
                "OscarHotel.14": "This microwave is surprisingly clean.",
                "OscarHotel.15": "The fridge is filled with food from Gil's.",
                "OscarHotel.16": "The milk must be from Oscar's cows.",
                "OscarHotel.17": "Who would eat cookies for breakfast?",
                "OscarHotel.18": "Clowning for dummies.",
                "OscarHotel.19": "There's a clown's nose stuffed in the drawer.",
                "OscarHotel.20": "It hasn't been tuned.",
                "OscarHotel.21": "There's one message from Red.",
                //changed strings for shop names etc
                "Town.1": "KickthePJ shop - Hours 9:00 AM - 3:00 PM",
                "Town.2": "Sweet Potato Mart Open 9:00 AM to 5:00 PM Closed Wednesdays",
                "Town-Christmas.1": "KickthePJ shop - Hours 9:00 AM - 3:00 PM",
                "Town-Halloween.1": "KickthePJ shop - Hours 9:00 AM - 3:00 PM",
                "Town-EggFestival.1": "KickthePJ shop - Hours 9:00 AM - 3:00 PM",
                "Town-Fair.3": "KickthePJ shop - Hours 9:00 AM - 3:00 PM",
                "SeedShop.1": "'11 Solo Sonatas For The Wooden Flute'",
                "SeedShop.2": "David the Guinea Pig",
                "SeedShop.3": "David the Guinea Pig",
                "SeedShop.4": "'The The Art of Scamming'",
                "SeedShop.5": "'Divorce 101: How to live with your ex'",
                "SeedShop.6": "It's loaded with fresh veggies.",
                "SeedShop.7": "'Journey Of The Prairie King: Console Edition'",
                "SeedShop.8": "'Why JojaCo Must Be Stopped'",
                "SeedShop.9": "To Mr. Gil:^It pains me to be the bearer of bad news, but I feel obligated to inform you of a recent development most threatening to your livelihood.^Joja Co. has decided to expand into Pelican Town.^It's too late for protest. Joja Builders have already broken ground for the new JojaMart.^^This must be devastating news for you. So many years in business...a local standby... and now, obscured by the shadow of a powerful, efficient, economically viable corporation. What a shame!^^As manager of the new JojaMart, I feel, to some degree, personally responsible for your predicament. As such, I'd like to offer you a position as Assistant Grocer. Wages start at 5g an hour. I look forward to seeing your resume!^^-Mr. Fuzzwald, Manager^Pelican Town JojaMart",
                "SeedShop.10": "Spirit Board",
                "SeedShop.11": "This drawer's ",
                "SeedShop.12": "This cupboard is full of exercise equipment."
            }
        },
        {
            "Action": "EditData",
            "Target": "Strings/Locations",
            "Entries": {
                "SeedShop_Yoba": "Altar of Yoda",
                "SamHouse_Sam_Trash": "Looks like JP cleans his trash bin regularly.",
                "AnimalShop_Marnie_Absent": "Closed for the day.\n\n-Oscar",
                "Mines_Infested": "This area is infested...",
                "Mines_Overrun": "This area is overrun with monsters.",
                "Mines_Fallen": "You fell {0} levels.",
                "Mines_FallenFar": "You fell {0} levels. Ouch!",
                "Mines_ShaftJumpIn": "Jump In",
                "Mines_Shaft": "If you saw a hole in a cave, would you jump into it?",
                "Mines_LeaveMine": "Eat a ladder snack.",
                "Mines_DoNothing": "You missed a chest. Leave the mines",
                "Railroad_TrainComing": "The forever train is passing through Stardew Valley",
                "Town_SeedShopSign": "- Sweet Potato Mart -\nNow open 7 days a week From 9am-5pm!",
                "Town_PickupTruck": "It's just the back of King Bozo's old pickup truck...",
                "Caroline_Sunroom_Door": "Jil only lets her friends enter here...",
                "AnimalShop_MoneyBox": "I'm visiting the island today. If you need to buy anything, just leave the money in this box!^     -Oscar",
                "Saloon_MoneyBox": "I'm tending the bar on Ginger Island today, but I won't let that stop you from buying something!^     -Bobby"
            }
        },
        {
            "LogName": "Cheeky dono",
            "Action": "EditData",
            "Target": "Strings/StringsFromCSFiles",
            "Entries": {
                "Buff.cs.470": "Yoda's Blessing",
                "Object.cs.13078": "Gunther will thank you for the cheeky dono if you donate it to the museum.",
                "Event.cs.1068": "PJ charged me {0}g for the rescue. ",
                "Event.cs.1070": "I have no money, but PJ was obligated to save my life free of charge. ",
                "Event.cs.1584": "Your grange display has been judged. Return to King Bozo for the result!",
                "Event.cs.1597": "Wow, I got a low score. I guess King Bozo isn't much of a fish man. Oh well...$s",
                "Event.cs.1600": "That was some strange-looking purple lettuce in your grange display!$h#$b#I swear, It looked just like King Bozo' special und... $3#$b#Oh!... heh... nevermind!$4",
                "Event.cs.1761": "...You're right. Oliver... Ugh, God... I'm a horrible, *hic*... selfish person.$7#$b#Now I feel even worse...$7",
                "Event.cs.1862": "Vincent!",
                "Farmer.cs.1918": "You received 15 Parsnip Seeds!^^'Here's a little something to get you started.^-King Bozo'",
                "Game1.cs.2634": "near Oscar's Hotel.",
                "Game1.cs.3756": "King Bozo",
                "NPC.cs.3990": "A human visitor? This is most unusual...#$e#I'm Sad Ghost, merchant of rare and exotic goods.",
                "GameLocation.cs.8525": "Come back when Gil's tending the shop.",
                "MapPage.cs.11067": "Explorer's spaceship",
                "MapPage.cs.11068": "Oscar's Hotel",
                "MapPage.cs.11072": "Home of Jodi, Kent & JP",
                "MapPage.cs.11076": "PJ's shop",
                "MapPage.cs.11078": "Sweet Potato Mart",
                "MapPage.cs.11079": "Home of Gil, Jil & Abigail ",
                "MapPage.cs.11083": "Pizzeria",
                "MapPage.cs.11085": "King Bozo's Manor",
                "MapPage.cs.11088": "Buoy's Lighthouse",
                "MapPage.cs.11093": "Home of George, Evelyn & Buff Buoy",
                "MapPage.cs.11095": "Home of Robin, Bababooey, Sebastian & Maru",
                "MapPage.cs.11168": "Buoy's Lighthouse",
                "MapPage.cs.11172": "Stardrop Saloon",
                "ShopMenu.cs.11488": "Welcome to Gil's! ",
                "ShopMenu.cs.11507": "Animal supplies for sale!",
                "ShopMenu.cs.11508": "*sigh*... When the door opened I thought it might be Lewis.",
                "ShopMenu.cs.11514": "Welcome to the Stardrop Saloon! What can I get ya?",
                "GrandpaStory.cs.12051": "Dear {0},^^If you're reading this, you must be in dire need of a change.^^The same thing happened to me, long ago. I'd lost sight of what mattered most in life... real connections with other people and nature. So I dropped everything and moved to the place I truly belong.^^^I've enclosed the deed to that place... my pride and joy: {1} Farm. It's located in Stardew Valley, on the southern coast. It's the perfect place to start your new life.^^This was my most precious gift of all, and now it's yours. I know you'll honor the family name, my boy. Good luck.^^Love, Grandpa^^P.S. If King Bozo is still alive say hi to the old guy for me, will ya?",
                "GrandpaStory.cs.12055": "Dear {0},^^If you're reading this, you must be in dire need of a change.^^The same thing happened to me, long ago. I'd lost sight of what mattered most in life... real connections with other people and nature. So I dropped everything and moved to the place I truly belong.^^^I've enclosed the deed to that place... my pride and joy: {1} Farm. It's located in Stardew Valley, on the southern coast. It's the perfect place to start your new life.^^This was my most precious gift of all, and now it's yours. I know you'll honor the family name, my dear. Good luck.^^Love, Grandpa^^P.S. If King Bozo is still alive say hi to the old guy for me, will ya?",
                "MultiplayerUtility.cs.12488": "Your grange display has been judged. Return to King Bozo for the result!",
                "FishingQuest.cs.13228": "The local {0} population is starting to threaten other species. If you can fish {1} of them for me, it would be a big help.   -Bababooey",
                "FishingQuest.cs.13248": "Trying to keep the art o' fishing alive... I'll pay {0}g to any fisherman who catches {1} {2}. Good luck!  -Lannery Storm",
                "FishingQuest.cs.13251": "Trying to keep the art o' fishing alive... I'll pay {0}g to any fishing enthusiast who catches {1} {2}. Good luck!  -Lannery Storm",
                "ItemDeliveryQuest.cs.13311": "Greetings! Bababooey here. Could someone please bring me {0}?\nI'm studying them as part of my biological research.",
                "ItemDeliveryQuest.cs.13314": "Looking to dissect {0}. Please deliver to Bababooey at 24 Mountain Road.",
                "ItemDeliveryQuest.cs.13317": "Howdy neighbors! My goats are really hankerin' for {0}. I can't find any myself! Help?     -Oscar",
                "ItemDeliveryQuest.cs.13320": "Howdy neighbors! I want to try giving my cows {0} to increase their milk production. If you find one could you swing it by for me?.     -Oscar",
                "ItemDeliveryQuest.cs.13446": "A paste of fresh {0} makes a great paint pigment {1}. If you find one, I could put it to good use.       - PJ ",
                "ItemDeliveryQuest.cs.13462": "Hi! I need {0} for a new pizza I'm thinking about. Drop one off at the saloon and I'll be very grateful.     -Bobby",
                "ItemDeliveryQuest.cs.13546": "I require {0} for potion-making. Please deliver directly to my study.     -Tiny Planet Explorer",
                "ItemDeliveryQuest.cs.13548": "Tiny Planet Explorer wishes to study the arcane properties of the {0}. You will be rewarded.",
                "ItemDeliveryQuest.cs.13551": "Need {0} for experiment.    -Tiny Planet Explorer",
                "ItemDeliveryQuest.cs.13553": "Local astronaut in search of a fresh {0}.",
                "ItemDeliveryQuest.cs.13568": "Need {0} for a project I'm working on.    -JP",
                "ItemDeliveryQuest.cs.13571": "Looking for a buddy to bring me {0}.       -JP",
                "ItemDeliveryQuest.cs.13574": "I would like a cute girl to bring me {0}.  (^_-)      -JP",
                "ItemDeliveryQuest.cs.13580": "Need {0} for my latest project. Help!    -Paul",
                "ItemDeliveryQuest.cs.13583": "I need {0} to power my latest invention. It's the ONLY thing that will work!       -Paul",
                "ResourceCollectionQuest.cs.13683": "Thank you!$h",
                "ResourceCollectionQuest.cs.13688": "\n- You can keep the ores after Clunt inspects them.",
                "SlayMonsterQuest.cs.13747": "An invasive crab species is living in the local mine, threatening the native wildlife! These creatures are known for disguising themselves as stones. I'll pay someone to slay {0} of them.  -Bababooey",
                "SlayMonsterQuest.cs.13752": "The monsters known as {0} are throwing the elemental balance into disarray. I would like an adventurer to enter the mines and slay {1} of these {2}.  -Tiny Planet Explorer",
                "WeedingQuest.cs.13816": "Hiring someone to weed the entire town. Once all the weeds are gone, report to King Bozo for payment. Thanks!",
                "WeedingQuest.cs.13824": "Talk to King Bozo",
                "KrobusShopGone": "I'm away. Please leave your payment in the box. -Sad Ghost"
            }
        },
        {
            "Action": "EditData",
            "Target": "Data/ExtraDialogue",
            "Entries": {
                "Gunther_NothingToDonate": "Thanks for the cheeky dono!",
                "Morris_PlayerSignedUp": "Excellent! Welcome to Joja Corporation! Come back tomorrow and we can see about getting started on some community development projects... Oh, and don't forget your wallet! Hehe.#$b#Now, let me call King Bozo and see about gutting that nasty old community center...",
                "Morris_ComeBackLater": "Come back tomorrow and we can see about getting some community improvements started... Just make sure to bring a lot of money. Hehe.",
                "Morris_Greeting": "Welcome to JojaMart! How are you doing today?#$b#I don't believe we've met. I'm Fuzzwald, Joja Customer Satisfaction Representative.#$b#When you decide you want to become a Joja Member, I'll be delighted to help make your transition a joyous experience.",
                "Morris_WeekendGreeting_MembershipAvailable": "Welcome to JojaMart! How is your weekend going?#$b#Membership is now available! With a Joja Membership, you'll be able to make improvements in the community with the help of our dedicated personnel... for a fee, of course.#$b#Oh, and another thing... King Bozo promised us that if anyone else joined up, he'd let us turn that old community center into a Joja Warehouse. Isn't that wonderful?#$q -1 -1#Membership costs {0}g. Well, would you like to join us?#$r -1 -1 Yes#Yes.#$r -1 -1 No#No.",
                "Morris_FirstGreeting_MembershipAvailable": "Welcome to JojaMart! How are you doing today?#$b#Membership is now available! With a Joja Membership, you'll be able to make improvements in the community with the help of our dedicated personnel... for a fee, of course.#$b#Oh, and another thing... King Bozo promised us that if anyone else joined up, he'd let us turn that old community center into a Joja Warehouse. Isn't that wonderful?#$q -1 -1#Membership costs {0}g. Well, would you like to join us?#$r -1 -1 Yes#Yes.#$r -1 -1 No#No.",
                "PurchasedItem_1_QualityHigh": "Hey, {0}.#$b# So I stopped by Gil's the other day and bought {1} {2}. It was the first time I've seen one of those there in a while... #$b#I cooked it up for dinner last night... It filled the house with a {3} smell.. It was a hit!$h#$b#I'm glad Gil's stock is starting to expand again.#$e# Anyways...",
                "PurchasedItem_1_QualityLow": "Hey, {0}.#$b# So I stopped by Gil's the other day and bought {1} {2}. It was the first time I've seen one of those there in a while... #$b#I cooked it up for dinner last night... It filled the house with a {3} odor. I don't even want to know where Gil found that thing.$s#$e# Anyways...",
                "PurchasedItem_2_QualityHigh": "Hi... did you sell {1} {2} to the Sweet Potato Mart the other day? I think I bought it...#$e#It was pretty high-quality stuff. I'm impressed.",
                "PurchasedItem_2_QualityHigh_Jodi": "Hi... did you sell {1} {2} to the Sweet Potato Mart the other day? I think I bought it...#$e#It was pretty high-quality stuff. As soon as I smelled it I was back in Granny's old cottage...",
                "PurchasedItem_2_QualityLow": "Hi... did you sell {1} {2} to the Sweet Potato Mart the other day? I think I bought it...#$e#The quality was decent.",
                "PurchasedItem_3_QualityLow_Rude": "I went shopping last night and picked up {1} {2} on sale for only {3}g.#$e# It was {4}! No wonder Gil was selling that {5} for so cheap...",
                "PurchasedItem_4": "So I was at the store the other day and Gil showed me {1} {2} you brought in.#$e#I bought it.$h",
                "PurchasedItem_5_VegetableOrFruit": "I bought the tastiest {2} from Gil's shop the other day. #$b#He said that he grew the thing in his own backyard. I didn't know Gil was such a talented farmer!$h#$b#Looks like you might have some competition, huh?",
                "PurchasedItem_5_Cooking": "I bought the tastiest {2} from Gil's shop the other day. #$b#He said he cooked the thing himself using local ingredients. I didn't know Gil was such {3} {4} chef!",
                "PurchasedItem_5_Foraged": "I bought the tastiest {2} from Gil's shop the other day. He said he found it himself while exploring the mountains. I didn't know Gil was such a talented forager!",
                "PurchasedItem_Elliott": "I saw that Gil had fresh {2} in the shop the other day! Marvelous. It smelled just perfect... and firm, too!",
                "PurchasedItem_Leah": "The other day I bought {1} {2} at Gil's. It was perfect on a bed of greens and a dash of my 'special' vinaigrette.",
                "PurchasedItem_1_QualityHigh_Willy": "Hey, {0}.#$b# So I stopped by Lannery's the other day and bought {1} {2}. I've never seen one so fresh! #$b#So I cooked it up for dinner last night, and it filled the house with a {3} smell.. It was a hit!$h#$b#He told me you caught it yourself... I'm impressed!#$e# Anyways...",
                "PurchasedItem_1_QualityLow_Willy": "Hey, {0}.#$b# So I stopped by Lannery's the other day and bought {1} {2}. He said you caught it yourself! #$b#I cooked it up for dinner last night... and, uh... It filled the house with a {3} odor. I don't even want to know where you found that thing...$s#$e#Anyways...",
                "PurchasedItem_2_QualityLow_Willy": "Hi... did you sell {1} {2} to the Sweet Potato Mart the other day? I think I bought it...#$e#It smelled kind of fishy, but it was alright.",
                "PurchasedItem_3_QualityLow_Rude_Willy": "I went shopping last night and picked up {1} {2} on a 'chum-bucket' sale for only {3}g.#$e# It was {4}! No wonder Lannery was practically giving that {5} away...",
                "PurchasedItem_4_Willy": "So I was at Lannery's other day and he showed me {1} {2} you brought in.#$e#I cooked it up for dinner with some lemon and a side of rice pilaf. Pretty good!$h"
            }
        },
        {
            "Action": "EditData",
            "Target": "Strings/SpecialOrderStrings",
            "Entries": {
                "Willy_Objective_1_Text": "Place the bug meat in the barrel next to Lannery's house.",
                "Pierre_Name": "Gil's Prime Produce",
                "Pierre_Objective_1_Text": "Place the crops in the empty produce box in Gil's shop.",
                "Gus_Name": "Bobby's Famous Omelet",
                "Gus_Text": "{Greeting}... but I'll need two dozen eggs. Any takers?                -Bobby",
                "Gus_Objective_1_Text": "Put the eggs in Bobby's fridge.",
                "Wizard_Text": "I seek an extremely rare and powerful goop, known as 'ectoplasm'. It can be found in the remains of slain ghosts.      - Tiny Planet Explorer",
                "Wizard_Objective_0_Text": "Deliver an ectoplasm to the Explorer",
                "Clint_Text": "The number of {Monster:LocalizedName} in the local caves have made mining dangerous... for other people, not me! There's good money for anyone willing to slay 50 of them.          -Clunt",
                "Linus_Text": "I have an idea. There's a lot of trash in the water. Why don't we fish some out to make the valley more beautiful?                     -Nintendad",
                "Wizard2_Text": "I require assistance in tracking down the rare and dangerous prismatic slime, within the local caves. Bring me a jar of its prismatic jelly and you will be duly rewarded.        -Tiny Planet Explorer",
                "Wizard2_Objective_1_Text": "Deliver a prismatic jelly to the Explorer"
            }
        }
    ]
}