{
  "Format": "1.30.4",
  "DynamicTokens": [
    {
      "Name": "mouse",
      "Value": "broken"
    },
    {
      "Name": "mouse",
      "Value": "repaired",
      "When": {
        "HasSeenEvent": "192914"
      }
    }
  ],
  "Changes": [
    {
      "LogName": "Include asset/map changes",
      "Action": "Include",
      "FromFile": "code/TilesheetEdits.json,code/MapPatches.json,code/Movies.json"
    },
    {
      "LogName": "Include Characters",
      "Action": "Include",
      "FromFile": "code/Characters/Characters.json, code/Characters/Dispositions.json,code/Characters/GiftTastes.json, code/Characters/Schedules.json,code/Characters/EventChanges.json"
    },
    {
      "LogName": "Include Dialogue",
      "Action": "Include",
      "FromFile": "code/Characters/Dialogue/bababooey.json, code/Characters/Dialogue/bobby.json,code/Characters/Dialogue/buffbuoy.json, code/Characters/Dialogue/buoy.json, code/Characters/Dialogue/gil.json, code/Characters/Dialogue/kingbozo.json,code/Characters/Dialogue/nintendad.json, code/Characters/Dialogue/oliver.json, code/Characters/Dialogue/oscar.json, code/Characters/Dialogue/paul.json, code/Characters/Dialogue/pj.json, code/Characters/Dialogue/sadghost.json, code/Characters/Dialogue/vincent.json, code/Characters/Dialogue/storm.json, code/Characters/Dialogue/explorer.json, code/Characters/Dialogue/jil.json, code/Characters/Dialogue/JP.json, code/Characters/Dialogue/character_mentions.json"
    },
    {
      "LogName": "Include Festival",
      "Action": "Include",
      "FromFile": "code/Festival/Festival.json"
    },
    {
      "LogName": "Include Quests/Strings",
      "Action": "Include",
      "FromFile": "code/Quest/HatMouse.json, code/Quest/BulletinBoard.json, code/Strings/mail.json,code/Strings/strings.json"
    },
    {
      "Action": "Load",
      "Target": "Characters/Dialogue/Dobson",
      "FromFile": "code/Characters/Dialogue/wiggles.json"
    },
    {
      "LogName": "Wiggles schedule",
      "Action": "Load",
      "Target": "Characters/schedules/Dobson",
      "FromFile": "code/Characters/wiggles.json"
    }
  ]
}