{
    "Changes": [
        {
            "Action": "EditData",
            "Target": "Data/NPCDispositions",
            "Entries": {
                "Harvey": "adult/polite/neutral/positive/male/not-datable/Maru/Town/winter 11//HarveyRoom 23 8 2/PJ",
                "Clint": "adult/rude/shy/negative/male/not-datable/Emily/Town/winter 26/Emily ''/Blacksmith 3 13/Clunt",
                "Pierre": "adult/neutral/outgoing/positive/male/not-datable/Caroline/Town/spring 26/Abigail 'daughter' Jil 'wife'/SeedShop 4 17/Gil",
                "Caroline": "adult/polite/neutral/neutral/female/not-datable/Pierre/Town/winter 7/Gil 'husband' Abigail ''/SeedShop 22 5/Jil",
                "Gus": "adult/neutral/outgoing/positive/male/not-datable/null/Town/summer 8/Emily '' Pam ''/Saloon 18 6/Bobby",
                "Elliott": "adult/polite/neutral/neutral/male/datable/Leah/Town/fall 5/Willy ''/ElliottHouse 1 5/Buoy",
                "Marnie": "adult/polite/outgoing/positive/male/not-datable/Lewis/Town/fall 18/Bozo '' Shane 'nephew' Oliver 'nephew'/AnimalShop 12 14/Oscar",
                "Jas": "adult/neutral/shy/positive/male/not-datable/Vincent/Town/summer 4/Vincent ''/AnimalShop 4 6/Oliver",
                "Lewis": "adult/neutral/outgoing/positive/male/not-datable/null/Town/spring 7/Oscar ''/ManorHouse 8 5/King Bozo",
                "Demetrius": "adult/polite/neutral/positive/male/not-datable/Robin/Town/summer 19/Robin 'wife' Paul ''/ScienceHouse 19 4/Bababooey",
                "Maru": "teen/neutral/outgoing/positive/female/datable/Harvey/Town/summer 10/Robin 'mom' Bababooey 'dad' Sebastian 'half-brother'/ScienceHouse 2 4/Paul",
                "Alex": "adult/rude/outgoing/positive/male/datable/Haley/Town/summer 13/George 'grandpa' Evelyn 'grandma'/JoshHouse 19 5/Buff Buoy",
                "Linus": "adult/neutral/shy/positive/male/not-datable/null/Town/winter 3//Tent 2 2/Nintendad",
                "Krobus": "adult/polite/shy/neutral/male/secret/null/Other/winter 1//Sewer 31 17/Sad Ghost",
                "Willy": "adult/neutral/neutral/neutral/male/not-datable/null/Town/summer 24/Buoy ''/FishShop 5 4/Lannery",
                "Wizard": "adult/rude/neutral/negative/male/not-datable/null/Other/winter 17//WizardHouse 3 17/Explorer",
                "Dobson": "adult/rude/neutral/negative/male/datable//Town/summer 7//AnimalShop 29 6/Wiggles",
                "Sam": "adult/neutral/outgoing/positive/male/datable/Penny/Town/summer 11/PJ 'cousin' Vincent 'little_brother' Jodi 'mom' Kent 'dad' Sebastian ''/SamHouse 22 13/JP"
            }
        }
    ]
}