{
  "Changes": [
    {
      "LogName": "Willy hospital",
      "Action": "EditData",
      "Target": "characters/schedules/Willy",
      "Entries": {
        "spring_9": "610 Beach 38 36 2 dick_fish/850 FishShop 5 4 2 \"Strings\\schedules\\Willy:spring_9.000\"/1010 Hospital 14 15 0 \"Strings\\schedules\\Willy:spring_9.001\"/1330 Hospital 4 6 0 \"Strings\\schedules\\Willy:spring_9.002\"/1600 Saloon 17 22 2 \"Strings\\schedules\\Willy:spring_9.003\"/2320 FishShop 5 4 2"
      }
    },
    {
      "LogName": "Vincent hospital",
      "Action": "EditData",
      "Target": "characters/schedules/Vincent",
      "Entries": {
        "spring_11": "900 SamHouse 4 8 0 \"Strings\\schedules\\Vincent:spring_11.000\"/1130 Hospital 14 15 0 \"Strings\\schedules\\Vincent:spring_11.001\"/1330 Hospital 4 6 0 \"Strings\\schedules\\Vincent:spring_11.002\"/1600 SamHouse 11 22 2 vincent_play/2000 SamHouse 8 22 3 vincent_sleep"
      }
    },
    {
      "LogName": "Sebastian hospital",
      "Action": "EditData",
      "Target": "characters/schedules/Sebastian",
      "Entries": {
        "summer_4": "900 SebastianRoom 10 7 1 \"Strings\\schedules\\Sebastian:summer_4.000\"/1000 Hospital 15 16 3 sebastian_cardsLeft/1330 Hospital 4 6 0 \"Strings\\schedules\\Sebastian:summer_4.001\"/1600 SebastianRoom 11 9 1 sebastian_sleep"
      }
    },
    {
      "LogName": "Sam hospital",
      "Action": "EditData",
      "Target": "characters/schedules/Sam",
      "Entries": {
        "fall_11": "1000 SamHouse 15 13 0 \"Strings\\schedules\\Sam:fall_11.000\"/1130 Hospital 7 18 3 sam_gameboy/1330 Hospital 4 6 0 \"Strings\\schedules\\Sam:fall_11.001\"/1600 Town 11 94 2 \"Strings\\schedules\\Sam:fall_11.002\"/2100 SamHouse 22 13 1 sam_sleep"
      }
    },
    {
      "LogName": "Robin hospital",
      "Action": "EditData",
      "Target": "characters/schedules/Robin",
      "Entries": {
        "summer_18": "700 ScienceHouse 8 18 2/800 Hospital 14 15 0 \"Strings\\schedules\\Robin:summer_18.000\"/1330 Hospital 4 6 0 \"Strings\\schedules\\Robin:summer_18.001\"/1600 ScienceHouse 16 5 0/2100 ScienceHouse 21 4 1 robin_sleep"
      }
    },
    {
      "LogName": "Penny hospital",
      "Action": "EditData",
      "Target": "characters/schedules/Penny",
      "Entries": {
        "winter_4": "900 Trailer 1 8 0 \"Strings\\schedules\\Penny:winter_4.000\"/1130 Hospital 15 17 1 /1330 Hospital 4 6 0 \"Strings\\schedules\\Penny:winter_4.001\"/1600 Town 75 52 2 penny_sit_down/1900 Trailer 12 6 0 penny_dishes/2100 Trailer 4 9 1 penny_sleep"
      }
    },
    {
      "LogName": "Pam hospital",
      "Action": "EditData",
      "Target": "characters/schedules/Pam",
      "Entries": {
        "spring_25": "800 Trailer 15 4 2 pam_sit_down/1130 Hospital 15 17 1 \"Strings\\schedules\\Pam:spring_25.000\"/1330 Hospital 4 6 0 \"Strings\\schedules\\Pam:spring_25.001\"/1600 Saloon 7 18 1/2400 Trailer 15 4 2 pam_sleep"
      }
    },
    {
      "LogName": "Leah hospital",
      "Action": "EditData",
      "Target": "characters/schedules/Leah",
      "Entries": {
        "spring_16": "900 LeahHouse 3 7 3 leah_sculpt/1030 Hospital 14 15 0 \"Strings\\schedules\\Leah:spring_16.000\"/1330 Hospital 4 6 0 \"Strings\\schedules\\Leah:spring_16.001\"/1600 Saloon 2 20 1/2340 LeahHouse 2 4 3 leah_sleep"
      }
    },
    {
      "LogName": "Lewis hospital",
      "Action": "EditData",
      "Target": "characters/schedules/Lewis",
      "Entries": {
        "fall_9": "900 AnimalShop 17 5 0/1030 Hospital 14 15 0/1330 Hospital 4 6 0 \"Strings\\schedules\\Lewis:fall_9.000\"/1600 AnimalShop 24 15 0/2100 AnimalShop 12 5 3"
      }
    },
    {
      "LogName": "Jodi hospital",
      "Action": "EditData",
      "Target": "characters/schedules/Jodi",
      "Entries": {
        "spring_11": "900 SamHouse 3 5 2 \"Strings\\schedules\\Jodi:spring_11.000\"/1130 Hospital 11 15 2 \"Strings\\schedules\\Jodi:spring_11.001\"/1230 Hospital 15 17 1 \"Strings\\schedules\\Jodi:spring_11.002\"/1600 SamHouse 12 22 3 \"Strings\\schedules\\Jodi:spring_11.003\"/2000 SamHouse 4 12 2 jodi_sit_down/2100 SamHouse 10 22 3/2200 SamHouse 22 5 1 jodi_sleep",
        "spring_18": "800 SamHouse 6 5 0 jodi_dishes/940 SamHouse 5 5 0/1000 SamHouse 7 5 0/1020 SamHouse 4 5 0/1040 SamHouse 6 5 0 jodi_dishes/1130 Hospital 14 15 0/1330 Hospital 7 15 3 \"Strings\\schedules\\Jodi:spring_18.000\"/1600 SamHouse 5 5 0/1900 SamHouse 6 5 0 jodi_dishes/1930 SamHouse 8 13 1/2100 SamHouse 10 22 3/2200 SamHouse 22 5 1 jodi_sleep"
      }
    },
    {
      "LogName": "Haley hospital",
      "Action": "EditData",
      "Target": "characters/schedules/Haley",
      "Entries": {
        "winter_9": "900 HaleyHouse 6 5 0/950 HaleyHouse 8 7 1/1030 Hospital 14 15 0 \"Strings\\schedules\\Haley:winter_9.000\"/1330 Hospital 4 6 0 \"Strings\\schedules\\Haley:winter_9.001\"/1600 HaleyHouse 19 16 0 square_5_1_0/2000 HaleyHouse 5 7 0 square_5_5/2230 HaleyHouse 1 5 3 haley_sleep"
      }
    },
    {
      "LogName": "Gus hospital",
      "Action": "EditData",
      "Target": "characters/schedules/Gus",
      "Entries": {
        "fall_4": "800 Saloon 16 4 2 gus_sit_down/1030 Hospital 14 15 0 \"Strings\\schedules\\Gus:fall_4.000\"/1330 Hospital 4 6 0 \"Strings\\schedules\\Gus:fall_4.001\"/1600 Saloon 10 18 2/1940 Saloon 12 18 0/1950 Saloon 10 18 2/2030 Saloon 12 18 0/2040 Saloon 10 18 2/2400 Saloon 23 4 1 gus_sleep"
      }
    },
    {
      "LogName": "George hospital",
      "Action": "EditData",
      "Target": "characters/schedules/George",
      "Entries": {
        "23": "630 JoshHouse 5 21 3 \"Strings\\schedules\\George:23.000\"/1030 Hospital 10 15 0 \"Strings\\schedules\\George:23.001\"/1330 Hospital 4 6 0 \"Strings\\schedules\\George:23.002\"/1600 JoshHouse 16 22 0/2000 JoshHouse 3 5 0 george_sleep"
      }
    },
    {
      "LogName": "Evelyn hospital",
      "Action": "EditData",
      "Target": "characters/schedules/Evelyn",
      "Entries": {
        "2": "800 JoshHouse 3 17 0 square_3_1_0/1030 Hospital 14 15 0 \"Strings\\schedules\\Evelyn:2.000\"/1330 Hospital 4 7 0 \"Strings\\schedules\\Evelyn:2.001\"/1600 JoshHouse 4 17 0 square_3_1_0/1900 JoshHouse 17 17 0/2130 JoshHouse 2 5 1",
        "23": "800 JoshHouse 3 17 0 square_3_1_0/1040 Hospital 10 16 0 \"Strings\\schedules\\Evelyn:23.000\"/1330 Hospital 4 7 0 \"Strings\\schedules\\Evelyn:23.001\"/1610 JoshHouse 4 17 0 square_3_1_0/1900 JoshHouse 17 17 0/2130 JoshHouse 2 5 1"
      }
    },
    {
      "LogName": "Emily hospital",
      "Action": "EditData",
      "Target": "characters/schedules/Emily",
      "Entries": {
        "winter_11": "900 HaleyHouse 16 5 2/1030 Hospital 14 15 0 \"Strings\\schedules\\Emily:winter_11.000\"/1330 Hospital 4 6 0 \"Strings\\schedules\\Emily:winter_11.001\"/1600 Saloon 15 17 0 square_5_1_0/2430 HaleyHouse 21 4 1 emily_sleep"
      }
    },
    {
      "LogName": "Demetrius hospital",
      "Action": "EditData",
      "Target": "characters/schedules/Demetrius",
      "Entries": {
        "summer_25": "820 Hospital 14 15 0 \"Strings\\schedules\\Demetrius:summer_25.000\"/1330 Hospital 4 6 0 \"Strings\\schedules\\Demetrius:summer_25.001\"/1600 ScienceHouse 15 4 0/2200 ScienceHouse 19 4 1 demetrius_sleep"
      }
    },
    {
      "LogName": "Clint hospital",
      "Action": "EditData",
      "Target": "characters/schedules/Clint",
      "Entries": {
        "winter_16": "900 Blacksmith 3 13 2 \"Strings\\schedules\\Clint:winter_16.000\"/1030 Hospital 7 15 3 \"Strings\\schedules\\Clint:winter_16.001\"/1330 Hospital 4 6 0 \"Strings\\schedules\\Clint:winter_16.002\"/1600 Saloon 19 23 3/2400 Blacksmith 10 4 1 clint_sleep"
      }
    },
    {
      "LogName": "Alex hospital",
      "Action": "EditData",
      "Target": "characters/schedules/Alex",
      "Entries": {
        "summer_16": "800 Town 64 64 2 alex_football/1030 Hospital 7 15 3 \"Strings\\schedules\\Alex:summer_16.000\"/1330 Hospital 4 6 0 \"Strings\\schedules\\Alex:summer_16.001\"/1600 JoshHouse 15 4 2/2400 JoshHouse 21 4 1 alex_sleep"
      }
    },
    {
      "LogName": "Abigail hospital",
      "Action": "EditData",
      "Target": "characters/schedules/Abigail",
      "Entries": {
        "spring_4": "900 SeedShop 11 5 0 \"Strings\\schedules\\Abigail:spring_4.000\"/1230 Hospital 13 15 2 \"Strings\\schedules\\Abigail:spring_4.001\"/1330 Hospital 4 6 0 \"Strings\\schedules\\Abigail:spring_4.002\"/1600 SeedShop 10 5 0/2000 SeedShop 1 9 3 abigail_sleep"
      }
    },
    {
      "LogName": "Jil schedule",
      "Action": "EditData",
      "Target": "characters/schedules/Caroline",
      "Entries": {
        "rain": "800 SeedShop 37 6 3/1200 SeedShop 15 23 0/1330 SeedShop 21 5 2 caroline_read/1600 SeedShop 25 18 2 square_9_9/2100 SeedShop 27 4 1 caroline_sleep",
        "fall_25": "800 SeedShop 37 6 3/1000 SeedShop 27 7 3 \"Strings\\schedules\\Caroline:fall_25.000\"/1200 Hospital 14 15 0 \"Strings\\schedules\\Caroline:fall_25.001\"/1330 Hospital 4 6 0 \"Strings\\schedules\\Caroline:fall_25.002\"/1600 SeedShop 25 18 2 square_9_9/2100 SeedShop 27 4 1 caroline_sleep",
        "winter_16": "800 SeedShop 37 6 3/1200 SeedShop 15 23 0/1330 Town 23 71 2/1600 Beach 24 32 3 \"Strings\\schedules\\Caroline:winter_16.000\"/2330 SeedShop 27 4 1 caroline_sleep",
        "Tue": "800 SeedShop 22 14 0 \"Strings\\schedules\\Caroline:Tue.000\"/1030 SeedShop 24 17 3/1300 SeedShop 24 21 0 caroline_exercise/1600 SeedShop 23 15 1 \"Strings\\schedules\\Caroline:Tue.001\"/1810 SeedShop 34 5 0 \"Strings\\schedules\\Caroline:Tue.002\"/2100 SeedShop 27 4 1 caroline_sleep",
        "Fri": "800 SeedShop 37 6 3/1000 Sunroom 5 7 1/1200 ArchaeologyHouse 14 4 2 caroline_read \"Strings\\schedules\\Caroline:Fri.000\"/1700 SeedShop 25 18 2 square_9_9/2100 SeedShop 27 4 1 caroline_sleep",
        "Wed": "800 SeedShop 37 6 3/1000 Sunroom 5 7 1/1200 Town 23 27 1/1700 SeedShop 25 18 2 square_9_9/2100 SeedShop 27 4 1 caroline_sleep",
        "Sat": "800 SeedShop 37 6 3/1100 CommunityCenter 26 9 0/1700 SeedShop 25 18 2 square_9_9/2100 SeedShop 27 4 1 caroline_sleep",
        "Sun": "900 SeedShop 22 5 2/1040 SeedShop 21 5 3 \"Strings\\schedules\\Caroline:Sun.000\"/1330 SeedShop 15 23 0/1440 Town 48 33 2/1830 SeedShop 27 7 1/2100 SeedShop 27 4 1 caroline_sleep",
        "spring": "800 SeedShop 37 6 3/1000 Sunroom 5 7 1/1200 SeedShop 15 23 0/1330 Town 23 71 2/1600 SeedShop 25 18 2 square_9_9/2100 SeedShop 27 4 1 caroline_sleep"
      }
    },
    {
      "LogName": "Buoy schedule",
      "Action": "EditData",
      "Target": "characters/schedules/Elliott",
      "Entries": {
        "rain": "800 ElliottHouse 1 5 0/1000 ElliottHouse 5 4 0/1100 ElliottHouse 1 5 0/1330 ElliottHouse 1 5 0/1800 ElliottHouse 1 7 2/2000 ElliottHouse 1 5 0/2400 ElliottHouse 8 7 1 elliott_sleep",
        "marriage_Mon": "830 Beach 46 11 2 \"Strings\\schedules\\Elliott:marriage_Mon.000\"/1700 BusStop -1 23 3",
        "winter_17": "800 ElliottHouse 1 5 0/1000 ElliottHouse 5 4 0/1100 ElliottHouse 1 5 0/1130 ArchaeologyHouse 21 11 2 elliott_read/1650 Beach 38 36 2 \"Strings\\schedules\\Elliott:winter_17.000\"/2500 ElliottHouse 8 7 1 elliott_sleep",
        "summer_9": "900 ElliottHouse 1 5 0/1030 Hospital 14 15 0 \"Strings\\schedules\\Elliott:summer_9.000\"/1330 Hospital 4 6 0 \"Strings\\schedules\\Elliott:summer_9.001\"/1600 ElliottHouse 1 7 2/2100 ElliottHouse 1 5 0/2400 ElliottHouse 8 7 1 elliott_sleep",
        "winter": "GOTO fall",
        "fall": "800 ElliottHouse 1 5 0/1000 ElliottHouse 5 4 0/1100 ElliottHouse 1 5 0/1130 ArchaeologyHouse 21 11 2 elliott_read/1730 ElliottHouse 1 7 2/2100 ElliottHouse 1 5 0/2400 ElliottHouse 8 7 1 elliott_sleep",
        "Thu": "800 ElliottHouse 1 5 0/1000 ElliottHouse 5 4 0/1100 ElliottHouse 1 5 0/1130 SeedShop 10 20 0/1730 ElliottHouse 1 7 2/2100 ElliottHouse 1 5 0/2400 ElliottHouse 8 7 1 elliott_sleep",
        "Sun": "GOTO Fri",
        "Fri": "NOT friendship Leah 6/800 ElliottHouse 1 5 0/1100 Beach 24 32 3 square_1_5_3/1700 Saloon 4 19 2 elliott_drink/2340 ElliottHouse 8 7 1 elliott_sleep",
        "Fri6": "GOTO Thu",
        "summer": "800 ElliottHouse 1 5 0/1000 ElliottHouse 5 4 0/1100 ElliottHouse 1 5 0/1130 Forest 96 39 2/1800 ElliottHouse 1 7 2/2200 ElliottHouse 1 5 0/2400 ElliottHouse 8 7 1 elliott_sleep",
        "spring": "800 ElliottHouse 1 5 0/1000 ElliottHouse 5 4 0/1100 ElliottHouse 1 5 0/1200 Beach 49 19 2/1330 ElliottHouse 1 5 0/1500 Town 55 104 1/1800 ElliottHouse 1 7 2/2000 ElliottHouse 1 5 0/2400 ElliottHouse 8 7 1 elliott_sleep"
      }
    },
    {
      "LogName": "PJ schedule",
      "Action": "EditData",
      "Target": "characters/schedules/Harvey",
      "Entries": {
        "rain": "GOTO winter",
        "Mon": "730 Hospital 14 5 0/1250 Hospital 5 15 2/1600 Hospital 3 5 0/2000 HarveyRoom 22 7 0/2300 HarveyRoom 12 10 1 harvey_sleep",
        "Wed": "730 Hospital 14 5 0/1250 Hospital 5 15 2/1600 Hospital 3 5 0 \"Strings\\schedules\\Harvey:Wed.000\/1900 HarveyRoom 37 18 0/2300 HarveyRoom 12 10 1 harvey_sleep",
        "Fri": "730 Hospital 14 5 0/1200 SeedShop 2 23 3 \"Strings\\schedules\\Harvey:Fri.000\"/1600 Hospital 3 5 0 \"Strings\\schedules\\Harvey:Fri.001\/1900 Saloon 37 18 0 \"Strings\\schedules\\Harvey:Fri.002\/2400 HarveyRoom 12 10 1 harvey_sleep",
        "Sat": "700 HarveyRoom 23 8 2/830 ArchaeologyHouse 16 9 0/1500 HarveyRoom 21 7 0 \"Strings\\schedules\\Harvey:Sat.000\"/1630 HarveyRoom 3 4 0/1900 HarveyRoom 8 5 0/2100 HarveyRoom 6 4 0/2200 HarveyRoom 12 9 1 harvey_sleep",
        "winter_15": "800 HarveyRoom 23 8 2/840 Hospital 4 15 2/1200 HarveyRoom 4 5 1 harvey_radio/1600 HarveyRoom 11 5 1 harvey_read/1700 Beach 37 31 0 \"Strings\\schedules\\Harvey:winter_15.000\"/2400 HarveyRoom 12 9 1 harvey_sleep",
        "winter": "800 HarveyRoom 23 8 2/840 Hospital 4 15 2/1200 HarveyRoom 8 8 0/1600 HarveyRoom 11 5 3 harvey_read/1730 Saloon 18 20 0/2200 HarveyRoom 12 9 1 harvey_sleep",
        "fall": "700 HarveyRoom 23 8 2/830 Hospital 4 15 2/1200 Town 46 102 2/1700 HarveyRoom 4 5 1 harvey_radio/2200 HarveyRoom 12 9 1 harvey_sleep",
        "summer": "700 HarveyRoom 23 8 2/830 Hospital 4 15 2/1200 Town 23 36 2 square_7_5/1730 Beach 15 30 3/2040 HarveyRoom 11 5 1 harvey_read/2200 HarveyRoom 12 9 1 harvey_sleep",
        "spring": "700 HarveyRoom 23 8 2/830 Hospital 4 15 2/1200 Town 10 64 2 square_5_5/1730 Hospital 8 15 0/1840 HarveyRoom 11 5 1 harvey_read/2200 HarveyRoom 12 9 1 harvey_sleep"
      }
    },
    {
      "LogName": "Paul schedule",
      "Action": "EditData",
      "Target": "Characters/schedules/Maru",
      "Entries": {
        "rain": "800 ScienceHouse 6 4 0/1000 ScienceHouse 9 6 1/1230 ScienceHouse 2 21 1/1430 ScienceHouse 19 18 0/1630 ScienceHouse 5 6 1 maru_tinker/1800 ScienceHouse 2 6 3/2000 ScienceHouse 9 6 1/2300 ScienceHouse 2 4 3 maru_sleep",
        "marriage_Mon": "800 ScienceHouse 6 20 0 \"Strings\\schedules\\Maru:marriage_Mon.000\"/1200 ScienceHouse 16 18 0 \"Strings\\schedules\\Maru:marriage_Mon.001\"/1400 Town 63 15 2 maru_sit_down \"Strings\\schedules\\Maru:marriage_Mon.002\"/1800 BusStop -1 23 3",
        "marriageJob": "730 Hospital 5 15 2 \"Strings\\schedules\\Maru:marriageJob.000\"/1400 Hospital 9 15 3 \"Strings\\schedules\\Maru:marriageJob.001\"/1600 Hospital 8 17 1 \"Strings\\schedules\\Maru:marriageJob.002\"/1640 BusStop -1 23 3",
        "Tue": "730 Hospital 5 15 2/1400 Hospital 9 15 3/1600 Hospital 8 17 1/1640 ScienceHouse 26 13 1/2200 ScienceHouse 9 6 1/2400 ScienceHouse 2 4 3 maru_sleep",
        "Thu": "GOTO Tue",
        "Mon": "800 ScienceHouse 5 6 1 maru_tinker/1000 ScienceHouse 19 18 0/1400 Hospital 6 5 3/1830 ScienceHouse 5 6 1 maru_tinker/2300 ScienceHouse 2 4 3 maru_sleep",
        "Wed": "GOTO Mon",
        "Fri": "GOTO Mon"
      }
    },
    {
      "LogName": "Oscar schedule",
      "Action": "EditData",
      "Target": "characters/schedules/Marnie",
      "Entries": {
        "rain": "GOTO spring",
        "winter_18": "900 AnimalShop 11 5 0 \"Strings\\schedules\\Marnie:winter_18.000\"/1040 Hospital 13 14 0 \"Strings\\schedules\\Marnie:winter_18.001\"/1330 Hospital 15 17 1 \"Strings\\schedules\\Marnie:winter_18.002\"/1610 AnimalShop 32 15 0/2100 AnimalShop 14 5 1 marnie_sleep",
        "winter_16": "830 AnimalShop 11 5 0/850 AnimalShop 12 14 2/1600 Beach 37 31 0 \"Strings\\schedules\\Marnie:winter_16.000\"/2340 AnimalShop 14 5 1 marnie_sleep",
        "fall_18": "900 AnimalShop 11 5 0 /1030 Hospital 14 15 0/1330 Hospital 4 6 0 \"Strings\\schedules\\Marnie:fall_18.000\"/1600 AnimalShop 32 15 0/2100 AnimalShop 14 5 1 marnie_sleep",
        "Tue": "900 AnimalShop 11 5 0 /1000 SeedShop 23 16 2/1300 SeedShop 28 17 2 marnie_exercise/1600 SeedShop 25 15 3 \"Strings\\schedules\\Marnie:Tue.000\"/1810 AnimalShop 32 15 0/2100 AnimalShop 14 5 1 marnie_sleep",
        "Mon": "810 SeedShop 11 20 0/1200 AnimalShop 32 15 0/2100 AnimalShop 14 5 1 marnie_sleep",
        "Wed": "GOTO Sat",
        "Fri": "830 AnimalShop 11 5 0 /850 AnimalShop 12 14 2/1600 AnimalShop 17 8 1/1700 Saloon 8 22 1 marnie_drink/2300 AnimalShop 14 5 1 marnie_sleep",
        "Sat": "830 AnimalShop 11 5 0 /850 AnimalShop 12 14 2/1600 AnimalShop 17 8 1/1700 Saloon 9 22 1 marnie_drink/2300 AnimalShop 14 5 1 marnie_sleep",
        "Sun": "GOTO Sat",
        "spring": "830 AnimalShop 11 5 0 /850 AnimalShop 12 14 2/1600 AnimalShop 32 15 0/1800 AnimalShop 17 8 1/2100 AnimalShop 14 5 1 marnie_sleep"
      }
    },
    {
      "LogName": "Oliver schedule",
      "Action": "EditData",
      "Target": "characters/schedules/Jas",
      "Entries": {
        "9": "NOT friendship Sam 6 Penny 6/GOTO spring",
        "23": "NOT friendship Sam 6 Penny 6/GOTO spring",
        "rain": "900 AnimalShop 2 5 0/1100 AnimalShop 15 16 2 square_3_3/1500 AnimalShop 4 16 2 jas_read/1900 AnimalShop 2 5 0/2100 AnimalShop 6 5 1 jas_sleep",
        "summer": "900 AnimalShop 2 5 0/1100 Forest 92 20 1/1320 Beach 40 23 jas_jumprope \"Strings\\schedules\\Jas:summer.000\"/1600 AnimalShop 17 14 3 jas_read/1900 AnimalShop 2 5 0/2100 AnimalShop 6 5 1 jas_sleep",
        "winter_15": "900 AnimalShop 2 5 0/1100 Forest 38 10 2 jas_jumprope \"Strings\\schedules\\Jas:winter_15.000\"/1450 Beach 19 24 2 \"Strings\\schedules\\Jas:winter_15.001\"/2300 AnimalShop 6 5 1 jas_sleep",
        "winter_18": "900 AnimalShop 2 5 0 \"Strings\\schedules\\Jas:winter_18.000\"/1030 Hospital 14 15 0/1330 Hospital 12 18 0 \"Strings\\schedules\\Jas:winter_18.001\"/1600 AnimalShop 11 5 3 jas_read/2000 AnimalShop 6 5 1 jas_sleep",
        "Tue": "900 ArchaeologyHouse 19 10 3 jas_read/1400 Town 85 103 2/1620 Town 16 91 0/1750 AnimalShop 6 5 1 jas_sleep",
        "Wed": "GOTO Tue",
        "Fri": "GOTO Tue",
        "Sat": "1000 Town 31 89 1/1200 Town 24 12 jas_jumprope/1700 Town 28 90 1/2000 AnimalShop 6 5 1 jas_sleep",
        "spring": "900 AnimalShop 2 5 0/1100 Forest 38 10 2 jas_jumprope \"Strings\\schedules\\Jas:spring.000\"/1500 AnimalShop 17 14 3 jas_read/1900 AnimalShop 2 5 0/2100 AnimalShop 6 5 1 jas_sleep"
      }
    },
    {
      "LogName": "Gil schedule",
      "Action": "EditData",
      "Target": "characters/schedules/Pierre",
      "Entries": {
        "rain": "GOTO spring",
        "Fri": "700 SeedShop 10 20 0/830 SeedShop 4 17 2/1700 SeedShop 37 18 0 \"Strings\\schedules\\Pierre:Fri.000\"/2250 SeedShop 24 4 1 pierre_sleep",
        "spring": "700 SeedShop 10 20 0/830 SeedShop 4 17 2/1700 SeedShop 11 20 0/1900 SeedShop 37 5 0/2100 SeedShop 20 5 0/2300 SeedShop 24 4 1 pierre_sleep"
      }
    }
  ]
}