{
    "Changes": [
        {
            "LogName": "Festival string",
            "Action": "EditData",
            "Target": "Strings/StringsFromCSFiles",
            "Entries": {
                "Event.cs.1527": "$q -1 null#Should we move forward with the Palooza? The governor seems a little hungry.#$r -1 0 yes#Yes, let's start.#$r -1 0 no#Not yet."
            },
            "When": {
                "Season": "Spring",
                "Day": 28
            }
        },
        { 
            "Action": "EditData",
            "Target": "Strings/StringsFromCSFiles",
            "Entries": {
                "Event.cs.1857": "You added {0} to the pie."
            }
        },
        { 
            "Action": "Load",
            "Target": "Data/Festivals/Spring28",
            "FromFile": "code/Festival/spring28.json"
        },
        {
            "Action": "EditData",
            "Target": "Data/Festivals/FestivalDates",
            "Entries": {
                "spring28": "Sweet Potato Palooza"
            }
        },
        { 
            "Action": "EditData",
            "Target": "Data/Festivals/Spring28",
            "Entries": {
                "name": "Sweet Potato Palooza"
            }
        },
        { 
            "Action": "Load",
            "Target": "Maps/Town-SweetPotatoPalooza",
            "FromFile": "assets/Festival/Town-SweetPotatoPalooza.tbin"
        },
        { 
            "LogName": "Sweet potat crash",
            "Action": "EditData",
            "Target": "data/events/FarmHouse",
            "Entries": {
                "192911/t 600 800": "continue/-500 -500/farmer 13 23 2/pause 1000/playSound Meteorite/pause 1500/message \"Sounds like something crashed into town..\"/pause 600/end"
            },
            "When": {
                "Season": "Spring",
                "Day": 26
            }
        },
        { 
            "LogName": "Sweet potat reaction",
            "Action": "EditData",
            "Target": "data/events/Town",
            "Entries": {
                "192912/e 192911/t 600 1500": "echos/-500 -500/farmer 28 55 2 Lewis 30 64 2 Jodi 27 69 0 Vincent 28 70 0 Haley 25 67 1 Harvey 32 67 3 Maru 34 68 3/skippable/addConversationTopic Potat_Crash 2/animate Haley false true 250 25 25 32 33 33 33 33 33 33 33 33/pause 800/viewport 28 65/pause 800/emote Harvey 16/pause 500/textAboveHead Haley \"*Click click*\"/pause 500/move farmer 0 8 2/pause 300/jump farmer/emote Maru 16/pause 500/emote farmer 16/pause 800/emote Lewis 8/pause 300/textAboveHead Lewis \"What is this?!\"/pause 800/emote Jodi 8/pause 800/textAboveHead Vincent \"Ew\"/pause 2000/emote Harvey 12/pause 1500/end position 28 62"
            }
        },
        {
            "LogName": "Sweet potat appearance",
            "Action": "EditMap",
            "Target": "Maps/Town",
            "FromFile": "assets/Festival/Town-Potat.tbin",
            "ToArea": {
                "X": 27,
                "Y": 64,
                "Width": 4,
                "Height": 5
            },
            "Update": "OnLocationChange",
            "PatchMode": "Overlay",
            "When": {
                "HasSeenEvent": "192911",
                "HasFlag |contains=summer_1": false
            }
        },
        {
            "LogName": "Sweet potat golden statue",
            "Action": "EditMap",
            "Target": "Maps/Town",
            "FromFile": "assets/Festival/Town-statue.tbin",
            "ToArea": {
                "X": 27,
                "Y": 64,
                "Width": 4,
                "Height": 5
            },
            "Update": "OnLocationChange",
            "PatchMode": "Overlay",
            "When": {
                "HasFlag": "summer_1"
            }
        }
    ]
}