{
  "name": "Sweet Potato Palooza",
  "conditions": "Town/1300 1800",
  "shop": "O 3002 30 -1 BL 3001 150 1 BO 184 350 -1 BO 188 350 -1",
  "set-up": "SweetPotats/27 60/farmer 12 54 1/changeToTemporaryMap Town-SweetPotatoPalooza/loadActors Set-Up/addTemporaryActor Governor 16 32 28 56 2/addTemporaryActor Dobson 16 32 37 69 1/advancedMove Dobson true -3 0 3 15000 0 2 2 15000 3 0 3 15000 0 -2 3 15000/advancedMove Jodi true -7 0 3 13000 3 0 2 10000 4 0 2 10000/advancedMove Vincent true 2 0 1 5000 -2 0 3 5000/advancedMove Pam true -2 0 2 25000 3 0 2 20000 -1 0 2 25000/advancedMove Shane true 1 10000 0 1 1 10000 0 -1/advancedMove Clint true -1 0 3 15000 2 0 1 15000 -1 0 2 15000/animate Emily false true 250 16 17 16 17 20 21 20 21 18 19 18 19 22 23 22 23/animate Robin false true 500 20 21 20 22/animate Demetrius false true 500 24 25 24 26/animate Marnie false true 200 17 18 17 19/positionOffset Marnie 0 16/pause 1000/playerControl luau",
  "mainEvent": "pause 500/globalFade/viewport -1000 -1000/playMusic SweetPotats/loadActors MainEvent/addTemporaryActor Governor 16 32 30 56 2/warp farmer1 32 62/warp farmer2 34 62/warp farmer3 40 56/warp farmer4 28 56/faceDirection farmer1 0/faceDirection farmer2 0/faceDirection farmer3 0/faceDirection farmer4 1/viewport 31 59 true/pause 2000/faceDirection Lewis 3/pause 100/faceDirection Lewis 2/pause 100/faceDirection Lewis 1/pause 100/faceDirection Lewis 2/speak Lewis \"Well folks, it's time for the sweet potato pie ceremony.#$b#Oliver baked a big pie out of the ingredients you provided. I trust that you all brought high-quality ingredients this year. We don't want the governor to regret his visit to the valley!\"/pause 1000/faceDirection Lewis 3/pause 500/speak Lewis \"Well... Governor? Would you do us the honor of tasting the pie?\"/pause 500/speak Governor \"Of course! I've been looking forward to this since I was invited to the palooza.\"/pause 500/move Governor 0 1 2/pause 1000/playSound dwop/showFrame Governor 8 true/pause 1000/animate Governor false false 200 8 8 9 10 11 11/pause 1100/playSound sipTea/pause 1000/playSound gulp/pause 500/showFrame Governor 8 true/animate Governor false false 200 11 10 9 8/pause 900/speak Governor \"...$h\"/pause 300/cutscene governorTaste/null",
  "governorReaction6": "pause 1000/speak Governor \"Hmm... It's a bit tangy... but actually, the flavor is quite good!\"/pause 600/emote Governor 8/speak Governor \"Just one minute... there's something in my bowl... what's this?$2\"/pause 500/showFrame Governor 14/playSound slimeHit/jump Governor/pause 500/showFrame Lewis 24/jump Lewis/textAboveHead Lewis \"Whaaaat?!\"/showFrame Emily 26/pause 1000/showFrame Marnie 16/jump Marnie/textAboveHead Marnie \"*gasp*\"/pause 1000/shake Governor 2000/emote Governor 12/pause 500/showFrame Emily 4/showFrame Marnie 8/speak Governor \"This... This is outrageous!$1#$b#I've never been so insulted in all my life!$1\"/pause 600/showFrame Governor 13/playSound throw/specificTemporarySprite PaloozaShorts/pause 500/jump Lewis/pause 1000/speak Governor \"Blech... my tongue is swelling up... I think I'm going to be sick.$u\"/pause 400/globalFade/viewport -1000 -1000/pause 1000/warp Governor -100 -100/playSound slimedead/faceDirection Lewis 2/viewport 35 12 true/pause 1000/speak Lewis \"Whoever took part in this appalling act is truly reprehensible. Using my very private item for this sick purpose!$4#$b#And to ruin a perfectly good poe... unforgivable! I've never been more ashamed of this community... Truly disgusting.$4\"/pause 500/faceDirection Lewis 0/emote Lewis 12/speak Lewis \"Go home, the festival is over.$s\"/pause 500/globalFade/viewport -1000 -1000/message \"I guess the 'little prank' didn't go over too well...\"/pause 500/message \"Time to head home.\"/waitForOtherPlayers festivalEnd/end",
  "governorReaction5": "emote Governor 40/pause 400/speak Governor \"Hmmm... Well it's not bad, but it's missing something...$s#$b#Did everyone in town contribute an ingredient to the pie? I feel like it's missing someone's unique voice.\"/showFrame Governor 0/pause 400/showFrame Lewis 18/emote Lewis 28/pause 600/showFrame Lewis 0/pause 400/move Lewis 0 1 1/move Lewis 2 0 2/move Lewis 0 1 3/pause 500/animate Lewis false false 200 19 19 22 23 23 22 23 23 22 19 19/pause 800/playSound gulp/pause 600/playSound gulp/pause 1000/speak Lewis \"You're right... It's a little bland.$s\"/pause 1000/speak Lewis \"Well, thanks for joining us this year, Governor. Sorry the pie wasn't anything special.\"/pause 500/faceDirection Lewis 2/speak Lewis \"Now... who else wants some pie?\"/faceDirection Marnie 0 true/advancedMove Gus false 0 -1 5 0 4 1000/advancedMove Jodi false 0 -2/advancedMove Clint false 0 1 -1 0 0 3 -2 0/advancedMove Emily false 3 0/advancedMove Pam false 0 2 7 0/pause 1000/globalFade/viewport -1000 -1000/pause 300/message \"The pie was bland, but the Palooza was still fun!\"/pause 500/message \"Time to head home.\"/waitForOtherPlayers festivalEnd/end",
  "governorReaction4": "emote Governor 16/pause 600/shake Governor 1000/jump Governor/pause 800/speak Governor \"Oh my... that's the best pie I've ever tasted!$h\"/shake Governor 5000/animate Governor false true 100 9 10 11 11 10/pause 800/move Lewis 0 1 1/move Lewis 2 0 2/move Lewis 0 1 3/pause 500/animate Lewis false false 200 19 19 22 23 23 22 23 23 22 19 19/pause 800/playSound gulp/pause 600/playSound gulp/pause 1000/speak Lewis \"You're right... It's delicious!$h\"/pause 500/faceDirection Lewis 2/speak Lewis \"Wonderful job, everyone! Now... who else wants a taste?$h\"/faceDirection Marnie 0 true/advancedMove Gus false 0 -1 5 0 4 1000/advancedMove Jodi false 0 -2/advancedMove Clint false 0 1 -1 0 0 3 -2 0/advancedMove Emily false 3 0/advancedMove Pam false 0 2 7 0/pause 1000/globalFade/viewport -1000 -1000/pause 300/message \"The Governor wasn't kidding... the pie was out of this world!\"/pause 500/message \"Time to head home.\"/waitForOtherPlayers festivalEnd/end",
  "governorReaction3": "emote Governor 32/pause 400/speak Governor \"Ah... that's a very pleasant pie. The produce from this valley never disappoints!\"/showFrame Governor 0/pause 400/move Lewis 0 1 1/move Lewis 2 0 2/move Lewis 0 1 3/pause 500/animate Lewis false false 200 19 19 22 23 23 22 23 23 22 19 19/pause 800/playSound gulp/pause 600/playSound gulp/pause 1000/speak Lewis \"Mmm... tasty. You all did very well today.\"/pause 500/faceDirection Lewis 2/speak Lewis \"Now... who else wants some pie?\"/faceDirection Marnie 0 true/advancedMove Gus false 0 -1 5 0 4 1000/advancedMove Jodi false 0 -2/advancedMove Clint false 0 1 -1 0 0 3 -2 0/advancedMove Emily false 3 0/advancedMove Pam false 0 2 7 0/pause 1000/globalFade/viewport -1000 -1000/pause 300/message \"The Palooza was a success! Good thing I brought something tasty for the pie.\"/pause 500/message \"Time to head home.\"/waitForOtherPlayers festivalEnd/end",
  "governorReaction2": "pause 400/speak Governor \"Hmm... I don't have much to say about this. It's an average pie.\"/showFrame Governor 0/pause 400/showFrame Lewis 18/emote Lewis 28/pause 600/showFrame Lewis 0/pause 400/move Lewis 0 1 1/move Lewis 2 0 2/move Lewis 0 1 3/pause 500/animate Lewis false false 200 19 19 22 23 23 22 23 23 22 19 19/pause 800/playSound gulp/pause 600/playSound gulp/pause 1000/speak Lewis \"He's right... It's nothing special. Not bad, though.\"/pause 500/faceDirection Lewis 2/speak Lewis \"Well... who else wants some pie?\"/faceDirection Marnie 0 true/advancedMove Gus false 0 -1 5 0 4 1000/advancedMove Jodi false 0 -2/advancedMove Clint false 0 1 -1 0 0 3 -2 0/advancedMove Emily false 3 0/advancedMove Pam false 0 2 7 0/pause 1000/globalFade/viewport -1000 -1000/pause 300/message \"The pie was just average, but otherwise the Palooza was a success!\"/pause 500/message \"Time to head home.\"/waitForOtherPlayers festivalEnd/end",
  "governorReaction1": "emote Governor 28/pause 400/playMusic spring_day_ambient/speak Governor \"Um... It's actually kind of disgusting. I think I'll pass on the pie this year.$s\"/showFrame Governor 0/pause 400/showFrame Lewis 18/emote Lewis 28/pause 600/showFrame Lewis 0/pause 400/move Lewis 0 1 1/move Lewis 2 0 2/move Lewis 0 1 3/pause 500/animate Lewis false false 200 19 19 22 23 23 22 23 23 22 19 19/pause 800/playSound gulp/pause 600/playSound gulp/pause 1000/speak Lewis \"Yuck. Someone must have ruined it with a poor-quality ingredient.$s\"/pause 500/faceDirection Lewis 2/speak Lewis \"Well... does anyone want any?\"/faceDirection Marnie 0 true/advancedMove Gus false 0 -1 5 0 4 1000/advancedMove Jodi false 0 -2/advancedMove Clint false 0 1 -1 0 0 3 -2 0/advancedMove Emily false 3 0/advancedMove Pam false 0 2 7 0/pause 1000/globalFade/viewport -1000 -1000/pause 300/message \"The pie wasn't very good, but otherwise the Palooza was a success!\"/pause 500/message \"Time to head home.\"/waitForOtherPlayers festivalEnd/end",
  "governorReaction0": "pause 500/showFrame Governor 13/pause 500/shake Governor 2000/emote Governor 12/pause 500/speak Governor \"Blech! This is vile! I think I'm going to be sick... $u\"/showFrame Governor 13/jump Lewis/pause 800/speak Governor \"I need to lie down...$u\"/globalFade/viewport -1000 -1000/pause 1000/warp Governor -100 -100/playSound slimedead/faceDirection Lewis 2/viewport 35 12 true/pause 1000/speak Lewis \"Good going, people... Whoever put that foul ingredient in the pie made the Governor pass out! I'm ashamed.$4\"/pause 500/faceDirection Lewis 0/emote Lewis 12/speak Lewis \"Go home, the festival is over.$s\"/pause 500/globalFade/viewport -1000 -1000/message \"What a disaster...\"/pause 500/message \"Time to head home.\"/waitForOtherPlayers festivalEnd/end",
  "Governor": "What a lovely occasion... It's always a joy to visit Stardew Valley.#$e#I must speak to the missus about purchasing a vacation home here.",
  "Abigail_spouse": "I can't wait to try the pie! We brought something good, I hope.",
  "Leah_spouse": "I never had many friends in town, so these events are always kind of boring for me. I enjoy the buffet, though.",
  "Maru_spouse": "I'm just catching up with Penny. Have you had your fill of sweet potatoes yet?",
  "Penny_spouse": "Maru's trying to convince me to eat some of the sweet potato pie. I'm just not sure if I am allowed before the governor...",
  "Haley_spouse": "I was going to eat some pie, but then I remembered I'm on a spring diet.",
  "Sebastian_spouse": "Do you know where the giant potato came from?It's amazing!$h",
  "Sam_spouse": "The gang's just the same as always. Are you having a good time?",
  "Alex_spouse": "Ungh... I think I ate a dozen too many sweet potatoes...$s",
  "Harvey_spouse": "Oh dear… that is an impressive sweet potat...$h",
  "Elliott_spouse": "I enjoy seeing you so relaxed, my dear.$h",
  "Dobson_spouse": "Can't wait to try all of the potatoes.$h",
  "Krobus_spouse": "I'm not brave enough today to talk to the others.$s",
  "Abigail": "The first batch of pie smells delicious$h",
  "Emily": "I've been up since dawn making decorations... it's always my favorite part of every festival besides the good tunes.$h",
  "Robin": "Ow... you stepped on my foot again, dear.",
  "Demetrius": "This is tiring, honey. Are you ready to visit the sweet potato buffet soon? *pant*",
  "Maru": "I always look forward to these gatherings... it makes the valley feel like a real community.",
  "Sebastian": "How can I try some of the pie now without anyone noticing?$h",
  "Linus": "No one really talks to me... I just come for the delicious food.",
  "Pierre": "Fresh air! I tell you, it is not easy staying at home if you are forced to. The King negotiated that I can leave the house arrest during festivities. Now, I am able to quality check the produce everyone brought.",
  "Caroline": "My ex husband can't stop thinking about produce and profit. Not even on his day off.",
  "Alex": "I try to eat at least three sweet potatoes every day.#$e#It is great for your health.",
  "George": "What's everyone so happy about? Hmmph...#$b#Sweet potatoes... why sweet potatoes?",
  "Evelyn": "I hope this becomes a new tradition.#$b#Tradition connects us with both the past and the future... it's comforting.",
  "Lewis": "Look sharp! The governor's here!.#$b#If you brought something for the pie make sure and add it to the stand with the other ingredients in front of Gil's store. Oscar will take care of it.",
  "Clint": "Why am I here and not at the food table?",
  "Penny": "The children are so excited about this strange giant sweet potato and are debating about its origin.",
  "Pam": "Hehe... I put something strong into the punch.$h#$e#Shhh... that's just as always between you and me, kid.",
  "Haley": "This festival is alright... but what I'm really looking forward to is the new followers I will get after my selfie with the potato goes viral.$h",
  "Jodi": "Oh no, Vincent hates sweet potatoes... where did he go? Did you see him lately?$s",
  "Kent": "I'm not a big fan of sweet potatoes, to tell you the truth.",
  "Marlon": "I don't know what they did to get locked up in here, but I won't dare to question the King's decisions.",
  "Sam": "Sweet potatoes? Who cares...#$e# My cousin PJ won't stop talking about them already and now an entire festival for them?",
  "Leah": "Mmmm... I really have to hold myself back to not start eating it already.$h",
  "Shane": "Oscar, Bobby and Octochef have been working overtime to prepare for this festival.#$b#They deserve a nice break afterwards!$h",
  "Marnie": "Welcome to the Sweet Potato Palooza... compliments of our head chef. $h If you brought something for the pie, put it just right on the stand in front of Gil's store with the other ingredients.",
  "Elliott": "I'm so happy to be surrounded by fellow sweet potato lovers!",
  "Gus": "I hope everyone's enjoying the food... I've been cooking day and night with the head chef of Oscar's hotel to get everything ready.#$b# Baked sweet potato, sweet potato fries, sweet potato curry, sweet potato soup,... you name it!$h",
  "Wizard": "Hmm... I wonder who threw the sweet potato down to earth.",
  "Harvey": "How is everyone doing? I'm just taking a break for a little while. I'm looking forward to the pie testing!",
  "Jas": "How fun to see this giant potato up close!",
  "Vincent": "How can I get out of here? I want to see the giant potato!",
  "Willy": "What a weird thing to fall down from the sky. Makes you wonder what else is up there. Possibly as much secrets as deep down in the ocean!",
  "Dobson": "What a weird occasion. A giant sweet potato fell from the sky and no one questions it?",
  "Krobus": "I was too curious about the loud noise but am too scared of rejection to go further.$s"

}