{
  "Name": "Sweet Potato",
  "Product": "Sweet Potato",
  "SeedName": "Sweet Potato Seeds",
  "SeedDescription": "Plant in Spring for a lovely purple veggie. Takes 10 days to mature.",
  "Type": "Vegetable",
  "Seasons": [
    "spring"
  ],
  "Phases": [
    1,
    2,
    2,
    2,
    3
  ],
  "RegrowthPhase": -1,
  "HarvestWithScythe": false,
  "TrellisCrop": false,
  "Colors": null,
  "Bonus": {
    "MinimumPerHarvest": 1,
    "MaximumPerHarvest": 2,
    "MaxIncreasePerFarmLevel": 5,
    "ExtraChance": 0.2
  },
  "SeedPurchaseFrom": "JojaMart",
  "SeedPurchasePrice": 60,
  "SeedSellPrice": 30
}