{
  "Changes": [
    {
      "Action": "EditData",
      "Target": "Strings/schedule/Marnie",
      "Entries": {
        "winter_18.000": "I think Oliver really likes visiting the art store.",
        "fall_18.000": "PJ are you sure about this, I don't know if I have anything interesting to say on stream",
        "Tue.000": "I'm going to sleep well tonight.$h",
        "winter_18.001": "We're here to film an Oscar's hotel promo with PJ, he does great work ",
        "winter_18.002": "PJ, can you make sure to mention our new menu?",
        "winter_16.000": "Oohh... Fine purple silk. You can't find that at JojaMart!"
      }
    },
    {
      "Action": "EditData",
      "Target": "Strings/SpeechBubbles",
      "Entries": {
        "AnimalShop_Marnie_Greeting1": "Welcome to Oscar's Hotel!",
        "AnimalShop_Marnie_Greeting2": "Hello there!",
        "AnimalShop_Marnie_CloseFriends": "Hi, {0}",
        "AnimalShop_Marnie_NotCloseFriends": "Looking for a room?",
        "AnimalShop_Marnie_Raining": "Wipe your feet!",
        "AnimalShop_Marnie_NotRaining": "Welcome to Oscar's Hotel!",
        "AnimalShop_Marnie_Greeting3": "Hey! How's {1} Farm doin'?",
        "AnimalShop_Marnie_RareGreeting": "Gotta get that cleaned up…"
      }
    },
    {
      "Action": "EditData",
      "Target": "Characters/Dialogue/Marnie",
      "Entries": {
        "Potat_Crash": "My cows were really shaken up by the loud noise last night $s.",
        "Introduction": "Ah, King Bozo told me you just arrived. I'm Oscar!#$e#I run the hotel and just expanded into selling livestock and animal care products . You should swing by some time.$h",
        "Resort": "Hehe... finally a chance to show off all my hard work at aerobics club.$h",
        "Resort_Leaving": "I feel warm.",
        "Resort_Shore": "It's nice to be the one on holiday for once",
        "Resort_Chair": "We should get one of these for the hotel",
        "Resort_Bar": "Phew... It's hot!$s",
        "reject_789": "Gah!$4#$b#...Um... What? Heh.. I don't know what that is...$3",
        "Mon": "I love creatures, Mr. @. That's why I thought it would be fun to sell animals at the hotel!^I just love animals, Ms. @. hat's why I thought it would be fun to sell animals at the hotel!",
        "Mon4": "If you need anything, just ask Oliver.$s#$e# I think Oliver has some of the spark, I used to have. $s",
        "Thu_2": "You've been here a while, now... how's your farm doing?#$e#If you need some rest at the hotel, just let me know!$h",
        "Saloon": "Now that I'm here I can finally relax and socialize a bit.",
        "Saloon_Tue": "There aren't very many people here today...$s",
        "Saloon_Wed": "#$1 marnieAnimalSal#A guest accidentally opened a rift in time and space today, but we got that sorted out$k$s#$e#It's nice of you to show up! It's a little more lively now.",
        "Saloon_Thu": "Phew! It sure feels good to kick back after a hard day's work.",
        "Saloon_Fri": "%Oscar is discussing something very important with King Bozo and doesn't want to be disturbed. The vibe is tense for some reason?",
        "Saloon_Sun": "Sunday is the busiest day of the week at the hotel.",
        "Saloon_Sat": "I always see Clunt here but he won't talk to anyone. What an ass.$s",
        "Tue": "Wiggles has been staying at the hotel the last few months.#$e# he doesn't have any money, but I let him stay anyways as a favour to an old friend",
        "Wed": "You can use a scythe to cut feed from grass.#$e#Or you can buy it from me, of course!$h#$e#It's a side business for me...$u#$e#Goodbye",
        "Thu": "Hi. Need something?#$e#I can get a room ready for you, or maybe you would like to buy some animals?.#$e#A guest left a lot of them here, so I'm trying to find them new homes.",
        "Fri": "You can catch me at the saloon most nights.#$e#I need to relax after helping guests all day.",
        "Fri4": "#$1 marnieLike#I think someone in town has taken a liking to me. $k$h#$e#I wouldn't know what to do without Oliver.",
        "Fri6": "I wonder if King Bozo gets lonely in that big house of his... $s#$e#It seems so empty in there, doesn't it?",
        "Sat": "Have you been to see the tiny planet explorer?#$e# Their rocket crashed here a few years ago.$s#$e# They would still rather live in that pile of junk than stay here for some reason….",
        "Sun": "Hey there, it's good to see ya!#$e#Feel free to visit us any time you please.",
        "Sun8": "Hi @!$h#$e#I'm glad we've become friends."
      }
    }
  ]
}