{
  "Changes": [
    {
      "Action": "EditData",
      "Target": "Strings/Schedule/Maru",
      "Entries": {
        "marriage_Mon.002": "I hope Penny decides to get married someday.",
        "winter_16.000": "Wow, the tech on this thing is amazing!",
        "marriageJob.000": "I'm at work, honey! Don't let PJ see.",
        "marriageJob.002": "I'm almost off work...",
        "marriage_Mon.001": "Dad's making good progress on his experiment.",
        "summer.000": "It's hard to really grasp the scale of the universe.$8",
        "marriage_Mon.000": "Hey! Mom seems to be doing okay without my help. She's a tough lady.",
        "marriageJob.001": "It's nice for you to visit me.$h"
      }
    },
    {
      "Action": "EditData",
      "Target": "Strings/SpeechBubbles",
      "Entries": {
        "Hospital_Maru_Greeting1": "Welcome to the KickthePJ store!",
        "Hospital_Maru_Greeting2": "Can I help you?",
        "Hospital_Maru_Greeting3": "We've got art for sale!",
        "Hospital_Maru_Greeting4": "Are you looking for PJ?",
        "Hospital_Maru_Greeting5": "Here to buy some cool art?",
        "Hospital_Maru_Spouse": "Hi, honey"
      }
    },
    {
      "Action": "EditData",
      "Target": "Characters/Dialogue/Maru",
      "Entries": {
        "Potat_Crash": "PJ tells me not to worry about the crash and to just do my job..",
        "Introduction": "Oh! Aren't you the one who just moved in?#$b#I'm Paul. I'm PJ's assistant, stream manager, housekeeper etc…!$h#$e# Stop by the art store and I might be able to get you a discount!",
        "Resort_Entering": "The captain mentioned that you helped fix the boat. Thanks for doing that!",
        "Resort_Leaving": "That was fun!",
        "Resort": "I've been noticing a few different starfish species. My favorite are the big purple ones, but they're all very interesting!",
        "Resort_Towel": "It's nice of PJ to let me have a day off!$3#$b#Even though I have to do double the work tomorrow.",
        "Resort_Towel_2": "We're so far removed from civilization out here.#$b#Imagine the stars you could see at night.#$e#Who knows, maybe we'd even see a flying saucer or two!$h",
        "Resort_Bar": "Mmmm... Why are tropical fruits so good?",
        "Resort_Shore": "I wonder if the Captain would let me bring my telescope here sometime...#The sky is so clear here, I bet I could spot Pelican Town out in the horizon.#Maybe I'd even see you running around %farm Farm!",
        "danceRejection": "PJ would never allow this.",
        "divorced": "We have nothing to say to each other.$a",
        "breakUp": "Not good enough for you, huh?$a#$b#Fine...$s",
        "dumped_Girls": "You've got some nerve, speaking to me!$a",
        "secondChance_Girls": "You've lost some respect with me, @... but I'm willing to forgive you.$s",
        "Mon": "PJ doesn't pay me.#$e# Yes I work by my own free will…",
        "Tue": "Have you met my boss? It's an honor to work for him.",
        "Wed": "On Tuesdays and Thursdays I work at the KickthePJ art store!.#$b#I do enjoy helping out, even though I don't get payed…$h#$e#Being a farmer must be pay well, huh?",
        "Thu": "I plan on spending a lot of time at the art store this summer.",
        "Sat": "Do you know my Dad, Bababooey? He's a scientist bard.#$e#I have a lot of fun helping him out in the laboratory. Just between us, it's more fun than working for PJ.",
        "Fri": "Hey, sorry if I seem cranky... I'm a little sore from work yesterday.#$c .5# I had to carry ten boxes of buoy plushies to the attic!#$e#I had to beep swears for 3 hours straight!",
        "Sun": "Hi!#$q 3/4 Sun_01_old#Do you have fun working on the farm?#$r 3 0 Sun_01_01#Yes.#$r 4 0 Sun_01_02#No.",
        "Sun_01_old": "$p 3#Hey, you've made another week of progress on the farm! It seems like things are going well for you.$h|Another tiring week on the farm, huh? It must really be a lot of work...$s",
        "Sun_01_01": "Well that's good, isn't it?$h",
        "Sun_01_02": "Yikes! I'm sorry. Have you ever thought of doing something different...?$s",
        "Tue2": "Stop by our house when you need to upgrade your buildings.#$e#It's always nice to have visitors.",
        "Fri4": "My mother is a carpenter and my dad is a scientist bard. I guess it makes sense that I'm into building useful gadgets for a successful campaign.",
        "Mon6": "Sometimes my head gets so cluttered with nonsense I can hardly think. Does that ever happen to you?#$e#Getting some fresh air usually helps.",
        "Wed8": "I work at KickthePJ's art store Tuesdays and Thursdays.#$e#He's a good boss",
        "Thu10": "Oh, @! Is there anything you want to talk to me about?$l",
        "Event_Hospital_1": "Of course he'll know the difference! This print is completely ruined!%fork$s",
        "Event_Hospital_2": "Okay. I'll blame it on you, then.$u",
        "Event_Hospital_3": "You're right. I should just tell him the truth.%fork$u",
        "Event_Space1": "It's amazing, isn't it?",
        "Event_Space2": "I guess you could see it like that...$s#$b#But it's still incredible, isn't it?",
        "Event_Cut1": "Oh no?$8#$b#Well, that makes me feel a little better, then. Thanks.",
        "Event_Cut2": "Oh no! Aghh... I'm really really sorry.$s",
        "event_robot1": "Thanks. That means a lot to me, @.#$b#I know gadgets aren't really your kind of thing... but I do appreciate that you're showing interest in what I do.#$b#I wish I could return the favor somehow.$l",
        "event_robot2": "What? After she said point-blank that she doesn't want to be a slave? How cold...%fork$a",
        "event_robot3": "Heh...$8#$b#Yeah I guess he did kinda say that, didn't he?$l#$b#...Um...$l",
        "event_robot4": "...$8#$b#@...$8",
        "event_robot_explain1": "...$s#$b#You have a point, I did program her to act human... but her neural net is so complex, I can't be sure conciousness didn't emerge on its own.$8#$b#Furthermore, isn't it a little arrogant to assume that human-like consciousness is the only worthwhile vessel of existence? Computer brains are different than ours, but that doesn't mean we can disregard them.$8",
        "event_robot_explain2": "I see. Well it wasn't a very funny joke.$a",
        "event_robot_explain3": "That's horrible! What's gotten into you, @?$a#$b#I'm just going to forget about this conversation... you aren't acting yourself.$a",
        "summer_1": "This is going to be a great season for stargazing.",
        "summer_Mon": "Hmm... I wonder how many swears I have to bleep today",
        "summer_Mon6": "Come to my room if you ever want to tinker with my gadgets.",
        "summer_Tue": "Sebastian is my half-brother, if you didn't know already.#$e#We do look totally different. Genetic is fun.",
        "summer_Tue4": "Sebastian hardly ever talks to me. I wonder if he even likes me at all?#$e#It's sad, I want to have a brother but he doesn't act like one.",
        "summer_Wed": "Are you enjoying the season?#$e#It's been so warm this year.$h",
        "summer_Thu": "Sorry, I was just thinking about some gadgets I'm making.#$q 35/36 Thu_01_old#I've decided I'm going to build a robot someday.#$r 35 30 Thu_0#That should be very easy for you#$r 36 -50 Thu_01_01#You should be more realistic#$r 35 40 Thu_01_02#It sounds challenging",
        "Thu_01_old": "See you later.",
        "Thu_0": "Really? Are you sure you're not just trying to flatter me?",
        "Thu_01_01": "You don't think I could do it?$s",
        "Thu_01_02": "You're right, but I love a challenge!$h",
        "summer_Sat": "Hey, have any interesting farm stories to tell me?#$e#Guess not.",
        "summer_Fri": "I worked at the art store yesterday. We didn't have a single costumer.#$e#I guess people already have a lot of art.",
        "summer_Sun": "I bet you're growing some interesting crops right now.#$b#Dad says a lot of foreign plants grow in the valley this time of year. Plants you usually only find on adventures.",
        "summer_Fri2": "Hey, tell me a story about farming.#$e#That's really interesting!",
        "summer_Wed4": "Is it just me or did it suddenly get really hot?#$e#I guess it's just me.",
        "summer_Sun6": "Some day I'm going to be a world-class stream manager.$u#$e#You're lucky to be friends with me!#$b#...just kidding.",
        "summer_Tue8": "@, you're looking sharp today.$h",
        "summer_Thu10": "How do your hands stay so soft with all that farm work?",
        "fall_Mon": "Have you explored the mines much? I've heard you can find some useful materials there.",
        "fall_Tue": "The trees look beautiful today!$h",
        "fall_Thu": "In other parts of the world it's spring right now. Imagine that!",
        "fall_Wed": "Bleh... I don't feel like working tomorrow.",
        "fall_Fri": "I bet we'll start seeing more people at the art store this season.$s#$e#Fall is a beautiful season.",
        "fall_Sat": "All these falling leaves will provide food for mushrooms and other small organisms.$u#$e#Interesting, isn't it?",
        "fall_Sun": "Hey, here's to another good week! *toast*",
        "fall_Tue2": "@, I just love how the trees look right now!#$e#I know you like them too.",
        "fall_Wed4": "If you have any extra metal laying around, I could always use it for one of my projects.#$e#But only if you don't need it yourself.",
        "fall_Fri6": "I've been feeling especially optimistic lately...$h",
        "fall_Mon8": "You should come visit me at the art store Tomorrow. I work from 10 a.m.to 4 p.m.$h",
        "fall_Thu10": "You have a leaf in your hair. Let me get it for you.#$e#...$h",
        "winter_1": "Oh man, it's so cold...$s",
        "winter_Mon": "Did you see the snowman I built?$h",
        "winter_Tue": "My hair gets so frizzy in this dry weather. *sigh*",
        "winter_Wed": "I guess winter is a good time to work on my gadgets.#$e#I wonder if I could make anything useful for farmers?",
        "winter_Thu": "Hey! What's up?#$e#It's a good time to explore the caves.#$e#I would go but my Dad would flip.",
        "winter_Fri": "I hope I don't catch the flu this year.",
        "winter_Sat": "Have you built a furnace yet?#$e#You can use them to turn raw material like ores into more useful products.$u",
        "winter_Sun": "I get so sleepy when it's cold...",
        "winter_Sat2": "Hey, if any of your farming machines need to be fixed, just let me know.$h",
        "winter_Tue4": "Hey, do you have any ideas for a new gadget I can make?#$e#Mhmm. I trust your opinion.",
        "winter_Fri6": "You look fresh today. I guess it's that crisp winter air.",
        "winter_Mon8": "Hi @!$h#$e#Hey, don't you think my snowman looks kind of like you?",
        "winter_Thu10": "@, come closer. I'm cold.$l#$e#My hands are so dry from the winter air. I'm sorry about that.$l"
      }
    }
  ]
}