{
        "Potat_Crash": "Luckily the sweet potato didn't crash into the hotel. #$b#I've got a whole clown career ahead of me, I can't be out in the field dying.",
        "Mon": "Leave me alone you mook",
        "danceRejection": "You think you can go toe to toe with a clown? I don't think so chump..$s",
        "divorced": "...$a#$e#...Leave me alone.$a",
        "breakUp": "*gulp* Oh... Yeah, okay... I guess I should've seen this coming.$s#$b#I'll... uh... guess I'll see you at the pizzaria.",
        "dumped_Guys": "%Wiggles Looks defeated. He won't speak to you.",
        "secondChance_Guys": "Why are you playing with me like this?... *sigh*...",
        "Mon2": "Hey don't touch the jacket!",
        "Mon4": "Hey. I'm not sorry if I came off as rude when we first met.#$e#Just wanted you to know that.",
        "Mon10": "Do you ever feel like the whole world sees you as joke?",
        "Tue": "What? What do you want? Go away.",
        "Tue2": "What do you want from me? Money? I don't have any!",
        "Tue4": "Every time I try something new it goes horribly wrong. You learn to just stay in a shell.",
        "Tue6": "Life isn't so bad... at least I have pizza and spaghetti.$u",
        "Wed": "No, I don't have time to chat with you.",
        "Wed8": "Oscar let me stay here after they took my walls.#$e#It stinks here but at least I'm not living under the train tracks anymore.$s",
        "Thu": "What do you want? Leave me alone. I don't want to talk to you, capiche?",
        "Thu4": "You're really persistent. I get it, this clown is irresistible.",
        "Thu6": "I was born this way, can you believe it?",
        "Thu8": "You like talking to me? What the hell is wrong with you?.$h",
        "Fri": "Don't you have work to do?",
        "Fri6": "I'll definitely be going to the pizzaria tonight. What else is a clown gonna do?",
        "Sat": "Why are you bothering me? I want to be alone.",
        "Sat2": "#$1 ShaneJOSH#I'm surprised that you're still trying to make friends with me. Haven't I been rude enough to you yet?#$e#*sigh*...$s",
        "Sat4": "$d Joja#I'm renting my room from Oscar at a really good price. It's small, but at least there's walls.|If I could reset my life I'd never had taken that Timmy Thompson job.",
        "Sat8": "What are you looking at? Never seen a clown before?!?.$h",
        "Sun": "I'm busy, can't you tell?",
        "Sun6": "...I think I might be gaining weight.$s",
        "Sun8": "If I watch more TV maybe I can forget about life. That would be relaxing.$u",
        "Sun10": "Hi, @. I've actually been having a pretty good day so far.$h",
        "Sun4": "Hmm... it's %time. Should I eat spaghetti now, or should I wait?$u",
        "Sun2": "You again? How many times do I have to tell you to leave me alone?$s"
}