{
    "Changes": [
        {
            "LogName": "change wizard",
            "Action": "EditImage",
            "Target": "LooseSprites/Cursors",
            "FromFile": "Assets/Tilesheets/Wizard.png",
            "ToArea": {
                "X": "387",
                "Y": "1965",
                "Width": "16",
                "Height": "31"
            },
            "Update": "OnLocationChange",
            "When": {
                "LocationName|contains=Wizardhouse": "true"
            }
        },
        {
            "LogName": "Remove smoke",
            "Action": "EditImage",
            "Target": "LooseSprites/Cursors",
            "FromFile": "Assets/Tilesheets/SmokePatch.png",
            "ToArea": {
                "X": "372",
                "Y": "1955",
                "Width": "11",
                "Height": "13"
            },
            "Update": "OnLocationChange",
            "When": {
                "LocationName|contains=Wizardhouse": "true"
            }
        },
        {
            "LogName": "charizard",
            "Action": "EditImage",
            "Target": "TileSheets/furniture",
            "FromFile": "assets/Tilesheets/art.png",
            "ToArea": {
                "X": 144,
                "Y": 768,
                "Width": 32,
                "Height": 32
            }
        },
        {
            "LogName": "lumpy",
            "Action": "EditImage",
            "Target": "TileSheets/furniture",
            "FromFile": "assets/Tilesheets/statue.png",
            "ToArea": {
                "X": 112,
                "Y": 832,
                "Width": 32,
                "Height": 64
            }
        },
        {
            "LogName": "ghost",
            "Action": "EditImage",
            "Target": "TileSheets/furniture",
            "FromFile": "assets/Tilesheets/plush.png",
            "ToArea": {
                "X": 80,
                "Y": 832,
                "Width": 32,
                "Height": 32
            }
        },
        {
            "LogName": "Potats",
            "Action": "EditImage",
            "Target": "TileSheets/furniture",
            "FromFile": "assets/Tilesheets/badges.png",
            "FromArea": {
                "X": 0,
                "Y": 0,
                "Width": 128,
                "Height": 32
            },
            "ToArea": {
                "X": 288,
                "Y": 624,
                "Width": 128,
                "Height": 32
            }
        },
        {
            "LogName": "golden badge",
            "Action": "EditImage",
            "Target": "TileSheets/Craftables",
            "FromFile": "assets/Tilesheets/badges.png",
            "FromArea": {
                "X": 112,
                "Y": 0,
                "Width": 16,
                "Height": 32
            },
            "ToArea": {
                "X": 112,
                "Y": 96,
                "Width": 16,
                "Height": 32
            }
        },
        {
            "LogName": "twin badge",
            "Action": "EditImage",
            "Target": "TileSheets/Craftables",
            "FromFile": "assets/Tilesheets/badges.png",
            "FromArea": {
                "X": 32,
                "Y": 0,
                "Width": 16,
                "Height": 32
            },
            "ToArea": {
                "X": 96,
                "Y": 352,
                "Width": 16,
                "Height": 32
            }
        },
        {
            "LogName": "potat and ruby badges",
            "Action": "EditImage",
            "Target": "TileSheets/Craftables",
            "FromFile": "assets/Tilesheets/badges.png",
            "FromArea": {
                "X": 0,
                "Y": 0,
                "Width": 32,
                "Height": 32
            },
            "ToArea": {
                "X": 0,
                "Y": 352,
                "Width": 32,
                "Height": 32
            }
        },
        {
            "LogName": "diamond,world and rainbow badges",
            "Action": "EditImage",
            "Target": "TileSheets/Craftables",
            "FromFile": "assets/Tilesheets/badges.png",
            "FromArea": {
                "X": 48,
                "Y": 0,
                "Width": 48,
                "Height": 32
            },
            "ToArea": {
                "X": 80,
                "Y": 320,
                "Width": 48,
                "Height": 32
            }
        },
        {
            "LogName": "silver badge",
            "Action": "EditImage",
            "Target": "TileSheets/Craftables",
            "FromFile": "assets/Tilesheets/badges.png",
            "FromArea": {
                "X": 96,
                "Y": 0,
                "Width": 16,
                "Height": 32
            },
            "ToArea": {
                "X": 64,
                "Y": 96,
                "Width": 16,
                "Height": 32
            }
        },
        {
            "LogName": "wiggles badge",
            "Action": "EditImage",
            "Target": "TileSheets/Craftables",
            "FromFile": "assets/Tilesheets/badges.png",
            "FromArea": {
                "X": 128,
                "Y": 0,
                "Width": 16,
                "Height": 32
            },
            "ToArea": {
                "X": 64,
                "Y": 128,
                "Width": 16,
                "Height": 32
            }
        },
        { 
        "LogName": "poster",
        "Action": "EditImage",
        "Target": "TileSheets/furniture",
        "FromFile": "assets/Tilesheets/poster.png",
        "ToArea": {
            "X": 65,
            "Y": 982,
            "Width": 15,
            "Height": 21
        }
    },
        { 
            "LogName": "billboard",
            "Action": "EditImage",
            "Target": "LooseSprites/Billboard",
            "FromFile": "assets/Tilesheets/Billboard.png",
            "ToArea": {
                "X": 0,
                "Y": 0,
                "Width": 337,
                "Height": 198
            }
        },
        { 
            "LogName": "Train",
            "Action": "EditImage",
            "Target": "LooseSprites/Cursors",
            "FromFile": "assets/Tilesheets/Train.png",
            "ToArea": {
                "X": 224,
                "Y": 578,
                "Width": 480,
                "Height": 160
            }
        },
        { 
            "Action": "EditImage",
            "Target": "Minigames/jojacorps",
            "FromFile": "assets/Tilesheets/intro_changes.png"
        },
        { 
            "Action": "EditImage",
            "Target": "Minigames/TitleButtons",
            "FromFile": "assets/Tilesheets/TitleButtons_Sweetpotato.png"
        },
        {
            "Action": "EditImage",
            "Target": "LooseSprites/logo",
            "FromFile": "assets/Tilesheets/logo_sweetpotato.png"
        },
        { 
            "Action": "EditImage",
            "Target": "LooseSprites/Cursors",
            "FromFile": "assets/Tilesheets/FishOn.png",
            "ToArea": {
                "X": 608,
                "Y": 1904,
                "Width": 80,
                "Height": 48
            }
        },
        {
            "Action": "EditImage",
            "Target": "LooseSprites/Cursors",
            "FromFile": "assets/Tilesheets/Buoy.png",
            "ToArea": {
                "X": 168,
                "Y": 1903,
                "Width": 31,
                "Height": 9
            }
        },
        { 
            "LogName": "Willys boat",
            "Action": "Load",
            "Target": "LooseSprites/WillysBoat",
            "FromFile": "assets/Tilesheets/WillysBoat.png"
        },
        { 
            "LogName": "Saloon",
            "Action": "EditImage",
            "Target": "Maps/{{season}}_town",
            "FromFile": "assets/Tilesheets/Saloon_{{season}}.png",
            "FromArea": {
                "X": 0,
                "Y": 0,
                "Width": 112,
                "Height": 144
            },
            "ToArea": {
                "X": 240,
                "Y": 176,
                "Width": 112,
                "Height": 144
            }
        },
        { 
            "LogName": "Store 1",
            "Action": "EditImage",
            "Target": "Maps/{{season}}_town",
            "FromFile": "assets/Tilesheets/Store_{{season}}.png",
            "FromArea": {
                "X": 32,
                "Y": 0,
                "Width": 48,
                "Height": 32
            },
            "ToArea": {
                "X": 400,
                "Y": 128,
                "Width": 48,
                "Height": 32
            }
        },
        {
            "LogName": "Store 2",
            "Action": "EditImage",
            "Target": "Maps/{{season}}_town",
            "FromFile": "assets/Tilesheets/Store_{{season}}.png",
            "FromArea": {
                "X": 80,
                "Y": 16,
                "Width": 112,
                "Height": 16
            },
            "ToArea": {
                "X": 400,
                "Y": 160,
                "Width": 112,
                "Height": 16
            }
        },
        {
            "LogName": "Store 3",
            "Action": "EditImage",
            "Target": "Maps/{{season}}_town",
            "FromFile": "assets/Tilesheets/Store_{{season}}.png",
            "FromArea": {
                "X": 16,
                "Y": 32,
                "Width": 224,
                "Height": 32
            },
            "ToArea": {
                "X": 16,
                "Y": 176,
                "Width": 224,
                "Height": 32
            }
        },
        {
            "LogName": "Store 4",
            "Action": "EditImage",
            "Target": "Maps/{{season}}_town",
            "FromFile": "assets/Tilesheets/Store_{{season}}.png",
            "FromArea": {
                "X": 0,
                "Y": 64,
                "Width": 80,
                "Height": 96
            },
            "ToArea": {
                "X": 0,
                "Y": 208,
                "Width": 80,
                "Height": 96
            }
        },
        {
            "LogName": "Store 5",
            "Action": "EditImage",
            "Target": "Maps/{{season}}_town",
            "FromFile": "assets/Tilesheets/Store_{{season}}.png",
            "FromArea": {
                "X": 80,
                "Y": 64,
                "Width": 160,
                "Height": 112
            },
            "ToArea": {
                "X": 80,
                "Y": 208,
                "Width": 160,
                "Height": 112
            }
        },
        {
            "LogName": "Store 6",
            "Action": "EditImage",
            "Target": "Maps/{{season}}_town",
            "FromFile": "assets/Tilesheets/Store_{{season}}.png",
            "FromArea": {
                "X": 0,
                "Y": 32,
                "Width": 16,
                "Height": 32
            },
            "ToArea": {
                "X": 480,
                "Y": 128,
                "Width": 16,
                "Height": 32
            }
        },
        {
            "LogName": "Wizard",
            "Action": "EditImage",
            "Target": "Maps/{{season}}_outdoorsTileSheet",
            "FromFile": "assets/Tilesheets/Wizard_{{season}}.png",
            "FromArea": {
                "X": 0,
                "Y": 0,
                "Width": 64,
                "Height": 192
            },
            "ToArea": {
                "X": 0,
                "Y": 400,
                "Width": 64,
                "Height": 192
            }
        },
        {
            "LogName": "Mouse 1",
            "Action": "EditImage",
            "Target": "Maps/{{season}}_outdoorsTileSheet",
            "FromFile": "assets/Tilesheets/Mouse_{{season}}_{{mouse}}.png",
            "FromArea": {
                "X": 32,
                "Y": 16,
                "Width": 16,
                "Height": 16
            },
            "ToArea": {
                "X": 336,
                "Y": 1120,
                "Width": 16,
                "Height": 16
            },
            "Update":  "OnLocationChange"
        },
        {
            "LogName": "Mouse 2",
            "Action": "EditImage",
            "Target": "Maps/{{season}}_outdoorsTileSheet",
            "FromFile": "assets/Tilesheets/Mouse_{{season}}_{{mouse}}.png",
            "FromArea": {
                "X": 48,
                "Y": 0,
                "Width": 64,
                "Height": 32
            },
            "ToArea": {
                "X": 336,
                "Y": 1136,
                "Width": 64,
                "Height": 32
            },
            "Update":  "OnLocationChange"
        },
        {
            "LogName": "Mouse 3",
            "Action": "EditImage",
            "Target": "Maps/{{season}}_outdoorsTileSheet",
            "FromFile": "assets/Tilesheets/Mouse_{{season}}_{{mouse}}.png",
            "FromArea": {
                "X": 32,
                "Y": 32,
                "Width": 80,
                "Height": 96
            },
            "ToArea": {
                "X": 320,
                "Y": 1168,
                "Width": 80,
                "Height": 96
            },
            "Update":  "OnLocationChange"
        },
        {
            "LogName": "Mouse 4",
            "Action": "EditImage",
            "Target": "Maps/{{season}}_outdoorsTileSheet",
            "FromFile": "assets/Tilesheets/Mouse_{{season}}_{{mouse}}.png",
            "FromArea": {
                "X": 0,
                "Y": 64,
                "Width": 32,
                "Height": 64
            },
            "ToArea": {
                "X": 288,
                "Y": 1200,
                "Width": 32,
                "Height": 64
            },
            "Update":  "OnLocationChange"
        },
        {
            "LogName": "Mouse Cursor",
            "Action": "EditImage",
            "Target": "LooseSprites/Cursors",
            "FromFile": "assets/Tilesheets/Mouse_Cursor.png",
            "ToArea": {
                "X": 605,
                "Y": 1958,
                "Width": 59,
                "Height": 31
            }
        }
    ]
}