[
    {
        "$ItemType": "BigCraftable",
        "ID": "MarioScarecrow",
        "Texture": "assets/mario.png",
        "ContextTags": [
            "crow_scare"
        ]
    },
    {
        "$ItemType": "BigCraftable",
        "ID": "Radioactive",
        "Texture": "assets/badges.png:0"
    },
    {
        "$ItemType": "BigCraftable",
        "ID": "Buoy",
        "Texture": "assets/badges.png:1"
    },
    {
        "$ItemType": "BigCraftable",
        "ID": "Obsidian",
        "Texture": "assets/badges.png:2"
    },
    {
        "$ItemType": "BigCraftable",
        "ID": "Pixel",
        "Texture": "assets/badges.png:3"
    }
]