[
    { 
        "$ItemType": "GiftTaste",
        "ObjectId": "SweetPotats.PJObjects/Potat",
        "NPC": "Vincent, Kent",
        "Amount": 20
      },
    {
        "$ItemType": "Object",
        "ID": "PotatSeeds",
        "Category": "Seeds",
        "Texture": "assets/Potat.png:1",
        "Plants": "SweetPotats.PJObjects/PotatCrop",
        "SellPrice": 20
    },
    {
        "$ItemType": "Object",
        "ID": "Potat",
        "JsonAssetsName": "Potat",
        "Category": "Vegetable",
        "Texture": "assets/Potat.png:0",
        "Edibility": 5,
        "SellPrice": 100,
        "ForcePriceOnAllInstances": true,
        "UniversalGiftTaste": 100,
        "ContextTags": [
            "ingredient_sweetpotat",
            "color_pink",
            "dye_medium",
            "season_spring"
        ]
    },
    {
        "$ItemType": "Crop",
        "ID": "PotatCrop",
        "Type": "Normal",
        "Phases": [
            {
                "TextureChoices": [
                    "assets/Potat_plant.png:0",
                    "assets/Potat_plant.png:1"
                ],
                "Length": 1
            },
            {
                "TextureChoices": [
                    "assets/Potat_plant.png:2"
                ],
                "Length": 1
            },
            {
                "TextureChoices": [
                    "assets/Potat_plant.png:3"
                ],
                "Length": 1
            },
            {
                "TextureChoices": [
                    "assets/Potat_plant.png:4"
                ],
                "Length": 2
            },
            {
                "TextureChoices": [
                    "assets/Potat_plant.png:5"
                ],
                "Length": 1
            },
            {
                "TextureChoices": [
                    "assets/Potat_plant.png:6"
                ],
                "HarvestedDrops": [
                    {
                        "MininumHarvestedQuantity": 1,
                        "MaximumHarvestedQuantity": 2,
                        "ExtraQuantityChance": 0.25,
                        "HarvestedExperience": 10,
                        "Item": [
                            {
                                "Weight": 1,
                                "Value": {
                                    "Type": "DGAItem",
                                    "Value": "SweetPotats.PJObjects/Potat"
                                }
                            }
                        ]
                    }
                ],
                "Length": 1,
                "HarvestedExperience": 1
            }
        ],
        "GiantTextureChoices": [
            "assets/Potat_giant.png"
        ],
        "GiantChance": 0.05,
        "GiantDrops": [
            {
                "MininumHarvestedQuantity": 15,
                "MaximumHarvestedQuantity": 21,
                "ExtraQuantityChance":0.2,
                "Item": [
                    {
                        "Weight": 1,
                        "Value": {
                            "Type": "DGAItem",
                            "Value": "SweetPotats.PJObjects/Potat"
                        }
                    }
                ]
            }
        ],
        "DynamicFields": [
            {
                "Conditions": {
                    "Season | contains=spring": true
                },
                "CanGrowNow": true
            }
        ]
    }
]