[
    {
        "$ItemType": "Furniture",
        "ID": "LullabyCube",
        "Type": "Lamp",
        "Configurations": [
            {
                "Texture": "assets/Lullaby.png:0",
                "NightTexture": "assets/Lullaby.png:1",
                "DisplaySize": {
                    "X": 2,
                    "Y": 2
                },
                "CollisionHeight": 2
            }
        ]
    },
    {
        "$ItemType": "Furniture",
        "ID": "PJCandle",
        "Type": "Lamp",
        "Configurations": [
            {
                "Texture": "assets/PJCandle.png:1",
                "NightTexture": "assets/PJCandle.png:0",
                "DisplaySize": {
                    "X": 1,
                    "Y": 1
                },
                "CollisionHeight": 1
            }
        ]
    },
    {
        "$ItemType": "Furniture",
        "ID": "Poster_sea",
        "Type": "Painting",
        "Configurations": [
            {
                "Texture": "assets/Print_1.png",
                "DisplaySize": {
                    "X": 3,
                    "Y": 2
                },
                "CollisionHeight": 2
            }
        ]
    },
    {
        "$ItemType": "Furniture",
        "ID": "Poster_catcher",
        "Type": "Painting",
        "Configurations": [
            {
                "Texture": "assets/Posters.png:0",
                "DisplaySize": {
                    "X": 1,
                    "Y": 2
                },
                "CollisionHeight": 2
            }
        ]
    },
    {
        "$ItemType": "Furniture",
        "ID": "Poster_ghost",
        "Type": "Painting",
        "Configurations": [
            {
                "Texture": "assets/Posters.png:1",
                "DisplaySize": {
                    "X": 1,
                    "Y": 2
                },
                "CollisionHeight": 2
            }
        ]
    },
    {
        "$ItemType": "Furniture",
        "ID": "Poster_space",
        "Type": "Painting",
        "Configurations": [
            {
                "Texture": "assets/Posters.png:2",
                "DisplaySize": {
                    "X": 1,
                    "Y": 2
                },
                "CollisionHeight": 2
            }
        ]
    },
    {
        "$ItemType": "Furniture",
        "ID": "Poster_forest",
        "Type": "Painting",
        "Configurations": [
            {
                "Texture": "assets/Posters.png:3",
                "DisplaySize": {
                    "X": 1,
                    "Y": 2
                },
                "CollisionHeight": 2
            }
        ]
    },
    {
        "$ItemType": "Furniture",
        "ID": "Poster_buoy",
        "Type": "Painting",
        "Configurations": [
            {
                "Texture": "assets/Posters.png:4",
                "DisplaySize": {
                    "X": 1,
                    "Y": 2
                },
                "CollisionHeight": 2
            }
        ]
    }
]