[
    {
        "$ItemType": "Hat",
        "ID": "BuoyHat",
        "Texture": "assets/BuoyHat.png",
        "HairStyle": "Obscured",
        "IgnoreHairstyleOffset": true
    },
    {
        "$ItemType": "Hat",
        "ID": "FujiHat",
        "Texture": "assets/FujiHat.png",
        "HairStyle": "Obscured",
        "IgnoreHairstyleOffset": true
    },
    {
        "$ItemType": "Hat",
        "ID": "FrogHat",
        "Texture": "assets/FrogHat.png",
        "HairStyle": "Obscured",
        "IgnoreHairstyleOffset": true
    },
    {
        "$ItemType": "Hat",
        "ID": "HollowHat",
        "Texture": "assets/HollowHat.png",
        "IgnoreHairstyleOffset": true
    },
    {
        "$ItemType": "Hat",
        "ID": "PotatHat",
        "Texture": "assets/PotatHat.png",
        "HairStyle": "Full",
        "IgnoreHairstyleOffset": true
    },
]