[
    {
        "$ItemType": "ShopEntry",
        "Item": {
            "Type": "DGAItem",
            "Value": "SweetPotats.PJObjects/Radioactive"
        },
        "ShopId": "STF.PJShop",
        "Cost": 500,
        "EnableConditions": {
            "query: {{Hearts:Harvey}} >=2": true
          }
    },
    {
        "$ItemType": "ShopEntry",
        "Item": {
            "Type": "DGAItem",
            "Value": "SweetPotats.PJObjects/Buoy"
        },
        "ShopId": "STF.PJShop",
        "Cost": 500,
        "EnableConditions": {
            "query: {{Hearts:Harvey}} >=4": true
          }
    },
    {
        "$ItemType": "ShopEntry",
        "Item": {
            "Type": "DGAItem",
            "Value": "SweetPotats.PJObjects/Obsidian"
        },
        "ShopId": "STF.PJShop",
        "Cost": 500,
        "EnableConditions": {
            "query: {{Hearts:Harvey}} >=6": true
          }
    },
    {
        "$ItemType": "ShopEntry",
        "Item": {
            "Type": "DGAItem",
            "Value": "SweetPotats.PJObjects/Pixel"
        },
        "ShopId": "STF.PJShop",
        "Cost": 500,
        "EnableConditions": {
            "query: {{Hearts:Harvey}} >=8": true
          }
    },
    {
        "$ItemType": "ShopEntry",
        "Item": {
            "Type": "DGAItem",
            "Value": "SweetPotats.PJObjects/MarioScarecrow"
        },
        "ShopId": "Festival.spring28",
        "Cost": 1500
    },
    {
        "$ItemType": "ShopEntry",
        "Item": {
            "Type": "DGAItem",
            "Value": "SweetPotats.PJObjects/PotatHat"
        },
        "ShopId": "STF.MouseShop",
        "Cost": 500
    },
    // {
    //     "$ItemType": "ShopEntry",
    //     "Item": {
    //         "Type": "DGAItem",
    //         "Value": "SweetPotats.PJObjects/PotatSeeds"
    //     },
    //     "ShopId": "Festival.spring28",
    //     "Cost": 40
    // },
    // {
    //     "$ItemType": "ShopEntry",
    //     "ShopId": "SeedShop",
    //     "Item": {
    //         "Value": "SweetPotats.PJObjects/PotatSeeds"
    //     },
    //     "Cost":60,
    //     "EnableConditions": {
    //         "Season |contains=spring": true
    //       }
    // },
    {
        "$ItemType": "ShopEntry",
        "Item": {
            "Type": "DGAItem",
            "Value": "SweetPotats.PJObjects/FujiHat"
        },
        "ShopId": "HatMouse",
        "Cost": 1000,
        "EnableConditions": {
            "HasFlag |contains=MouseRepaired": "true"
          }
    },
    {
        "$ItemType": "ShopEntry",
        "Item": {
            "Type": "DGAItem",
            "Value": "SweetPotats.PJObjects/FrogHat"
        },
        "ShopId": "HatMouse",
        "Cost": 1000,
        "EnableConditions": {
            "HasFlag |contains=MouseRepaired": "true"
          }
    },
    {
        "$ItemType": "ShopEntry",
        "Item": {
            "Type": "DGAItem",
            "Value": "SweetPotats.PJObjects/HollowHat"
        },
        "ShopId": "HatMouse",
        "Cost": 1000,
        "EnableConditions": {
            "HasFlag |contains=MouseRepaired": "true"
          }
    },
    {
        "$ItemType": "ShopEntry",
        "Item": {
            "Type": "DGAItem",
            "Value": "SweetPotats.PJObjects/Poster_ghost"
        },
        "ShopId": "STF.PJShop",
        "Cost": 1500
    },
    {
        "$ItemType": "ShopEntry",
        "Item": {
            "Type": "DGAItem",
            "Value": "SweetPotats.PJObjects/Poster_space"
        },
        "ShopId": "STF.PJShop",
        "Cost": 1500
    },
    {
        "$ItemType": "ShopEntry",
        "Item": {
            "Type": "DGAItem",
            "Value": "SweetPotats.PJObjects/Poster_forest"
        },
        "ShopId": "STF.PJShop",
        "Cost": 1500
    },
    {
        "$ItemType": "ShopEntry",
        "Item": {
            "Type": "DGAItem",
            "Value": "SweetPotats.PJObjects/Poster_buoy"
        },
        "ShopId": "STF.PJShop",
        "Cost": 1500
    },
    {
        "$ItemType": "ShopEntry",
        "Item": {
            "Type": "DGAItem",
            "Value": "SweetPotats.PJObjects/Poster_sea"
        },
        "ShopId": "STF.PJShop",
        "Cost": 1500
    },
    {
        "$ItemType": "ShopEntry",
        "Item": {
            "Type": "DGAItem",
            "Value": "SweetPotats.PJObjects/PJCandle"
        },
        "ShopId": "STF.PJShop",
        "Cost": 1500
    },
    {
        "$ItemType": "ShopEntry",
        "Item": {
            "Type": "DGAItem",
            "Value": "SweetPotats.PJObjects/LullabyCube"
        },
        "ShopId": "STF.PJShop",
        "Cost": 1500
    }
]